-- DOLORES DOMINGUEZ. 
-- INSERCIÓN DE DATOS.

-- PROVINCIAS
INSERT INTO Provincias (nombre)
VALUES
	('Buenos Aires'),
    ('Córdoba'),
    ('Mendoza'),
    ('Tucumán'),
    ('San Juan'),
    ('San Luis'),
    ('La Pampa'),
    ('Misiones'),
    ('Entre Rios'),
    ('Santa Fé'),
    ('Río Negro'),
    ('Neuquén'),
    ('Tierra del Fuego'),
    ('Santiago del Estero'),
    ('Jujuy'),
    ('Salta'),
    ('Catamarca'),
    ('Corrientes'),
    ('La Rioja'),
    ('Formosa'),
    ('Chaco'),
    ('Chubut'),
    ('Santa Cruz');

-- CIUDADES 
INSERT INTO Ciudades (codPostal,nombre,idProvincia)
VALUES	
    (1888,'Florencio Varela',1),
    (1880,'Berazategui',1),
    (1878,'Quilmes',1),
    (1828,'Lomas de Zamora',1),
    (5600,'San Rafael',3),
    (2000,'Rosario',10),
    (5194,'Villa General Belgrano',2),
    (5152,'Villa Carlos Paz',2),
    (6300,'Santa Rosa',7),
    (3300,'Posadas',8);
    
-- DIRECCIONES
INSERT INTO Direcciones (calle,numero,codPostal)
VALUES
	('Reindahl',087,1888),
	('Mandrake',82,1878),
	('Rieder',808,2000),
	('New Castle',78180,1888),
	('Cardinal',27,1878),
	('Schlimgen',23699,1880),
	('Express',25410,1828),
	('Clove',285,1828),
	('Hazelcrest',0,1888),
	('Riverside',55291,2000),	
	('Iowa',4585,1878),
	('Green',684,1828),
	('Elgar',66776,1878),
	('Walton',939,2000),
	('Russell',9834,1888),
	('Anniversary',46345,1828),
	('Butterfield',747,1888),
	('Del Mar',1650,1888),
	('Moose',64,1888),
	('Miller',5,1878),
	('Manufacturers',24,1828),
	('Scoville',92,1828),
	('Hovde',7425,1828),
	('Sommers',154,1828),
	('Elka',74148,1888),
	('Hallows',58,1878),
	('Hauk',5,1888),
	('Fallview',005,1828),
	('Graceland',50,1878),
	('Duke',77,1880),
	('Buena Vista',6234,1888),
	('Elka',2809,1880),
	('Northfield',3,1828),
	('Onsgard',906,3300),
	('Ridgeview',50,6300),
	('Commercial',33817,3300),
	('Pine View',143,3300),
	('Columbus',38628,3300),
	('Tomscot',64905,5152),
	('Dryden',44,5152),
	('Tennyson',247,5152),
	('Welch',203,5152),
	('Northport',06540,5152),
	('Green Ridge',20,5152),
	('Fieldstone',7,5152),
	('Bluestem',2452,1880),
	('Ridge Oak',379,3300),
	('Buena Vista',36261,6300),
	('Vermont',81192,5152),
	('Kennedy',6,1828),
	('Bobwhite',7484,1878),
	('Buhler',27488,1888),
	('Anderson',2,1880),
	('Myrtle',36290,1880),
	('Jackson',52395,5194),
	('Anniversary',770,5194),
	('Utah',21,5194),
	('7th',655,5194),
	('Calypso',8,5194),
	('Bluestem',48,5194),
	('Merchant',994,5194),
	('Carpenter',94,5194),
	('Basil',701,5194),
	('Browning',23987,5194),
	('Union',6,5194),
	('Pennsylvania',1395,5600),
	('Reinke',527,5600),
	('Melvin',9,5600),
	('Aberg',5028,5600),
	('Green',173,5600),
	('Farragut',6,5600),
	('Dawn',0,5600),
	('Karstens',8795,5600),
	('Ridge Oak',26928,5600),
	('Evergreen',50128,5600),
	('Buhler',3328,5600),
	('Bellgrove',428,5600),
	('American Ash',6151,5600),
	('Golf Course',3,3300),
	('New Castle',6,5152),
	('Park Meadow',88,1880),
	('Maryland',82496,1880),
	('Pearson',084,1880),
	('Pierstorff',24534,1880),
	('Summerview',3,1878),
	('Warbler',63,1888),
	('Mesta',47,1828),
	('Union',9,3300),
	('Clarendon',9581,5152),
	('Rusk',61296,5152),
	('Rockefeller',04443,5152),
	('Park Meadow',8370,5152),
	('Boyd',70,5152),
	('Bonner',9,5152),
	('Maple',701,5152),
	('Maple',4959,5152),
	('Becker',105,5152),
	('Graedel',6,1888),
	('Almo',7,3300),
	('Main',066,6300),
	('Dexter',56271,3300),
	('Northwestern',70060,3300),
	('Arkansas',9226,3300),
	('Lerdahl',6818,3300),
	('American Ash',3,3300),
	('Mifflin',6999,3300),
	('Starling',07,3300),
	('Comanche',8,6300),
	('Chinook',2,6300),
	('Maple Wood',90,6300),
	('Parkside',95884,6300),
	('Northfield',3137,6300),
	('Ruskin',1,6300),
	('Westport',796,3300),
	('Oneill',2571,6300),
	('Glacier Hill',65497,3300),
	('Oriole',985,1878),
	('Wayridge',80,1828),
	('Hintze',7,1888),
	('Stuart',2,1880),
	('Shoshone',160,5600),
	('Briar Crest',265,5194),
	('Manley',56829,5600),
	('Fremont',59,5600),
	('Oakridge',690,5600),
	('Mallory',5212,5194),
	('Di Loreto',25,5194),
	('Lindbergh',2,5194),
	('Holmberg',5,5194),
	('Macpherson',92,5194),
	('Westport',71,5194),
	('Manley',28415,5194),
	('Butterfield',0992,5194),
	('Debra',87,5194), 
	('Dottie',87,5194),
	('Bunker Hill',925,5600),
	('Bashford',9,5600),
	('Sage',4843,5600),
    ('Meadow Ridge',33,5600),
	('Crownhardt',07,1828),
	('Hoard',5,5152),
	('Waubesa',101,1880),
	('Maywood',80,1880),
	('Independence',54,1828),
	('Dahle',59,5152),
	('Southridge',2,1878),
	('Welch',9493,1828),
	('Shelley',6,1888),
	('Spohn',1,5152),
	('Mosinee',905,5152),
	('Fisk',566,5152),
	('Quincy',4,3300);
    
-- HORARIOS
INSERT INTO Horarios (horarioApertura,horarioCierre,diaSemana)
VALUES
	('08:30','20:00','Lunes'),
    ('09:00','16:00','Lunes'),
    ('08:30','20:00','Martes'),
    ('09:00','20:00','Miercoles'),
    ('09:00','20:00','Jueves'),
    ('16:30','20:30','Jueves'),
    ('09:00','20:30','Viernes'),
    ('09:00','20:30','Sabado'),
    ('16:00','20:30','Sabado'),
    ('09:00','13:00','Domingo');
    
-- ALMACENES 
INSERT INTO Almacenes (nombre,idDireccion)
VALUES
	('Almacén Ari', 39),
	('Almacén Avenida', 40),
	('Almacén Andrés', 45),
	('Mercado Muralla', 41),
	('Kiosco UVA', 43),
	('Mercado Plaza', 44),
	('Mercado Cabildo', 42);
    
-- HORARIOSALMACEN
INSERT INTO HorariosAlmacen (idAlmacen, idHorario)
VALUES
	(1,1),
    (1,3),
    (1,4),
    (1,6),
    (1,7),
    (1,9),
    (2,2),
    (2,3),
    (2,4),
    (2,5),
    (2,6),
    (2,10),
    (3,3),
    (4,4),
    (4,7),
    (5,3),
    (5,8),
    (6,6),
    (6,7),
    (7,7),
    (7,10),
    (7,1),
    (7,3),
    (7,5);

-- CATEGORIAS
INSERT INTO Categorias (descripcion)
VALUES 
	('Repositor'),
    ('Cajero'),
    ('Supervisor'),
    ('Encargado de compras');
    
-- SUELDOS
INSERT INTO Sueldos (montoNeto,montoBruto)
VALUES
	(105364.02, 210728.04),
    (99917.23, 199834.46),
    (48867.04, 97734.08),
    (118585.52, 237171.04),
    (81866.97, 163733.94),
    (134037.07, 268074.14),
    (104838.61, 209677.22),
    (80235.21, 160470.42),
    (105548.11, 211096.22),
    (91380.21, 182760.42),
    (135305.38, 270610.76),
    (117818.35, 235636.7),
    (136366.96, 272733.92),
    (48213.6, 96427.2),
    (100551.98, 201103.96),
    (52619.13, 105238.26),
    (63082.09, 126164.18),
    (42902.73, 85805.46),
    (78530.36, 157060.72),
    (129030.59, 258061.18),
    (62425.36, 124850.72),
    (129072.95, 258145.9),
    (111078.18, 222156.36),
    (86994.79, 173989.58),
    (126883.56, 253767.12),
    (119062.96, 238125.92),
    (82006.21, 164012.42),
    (75474.08, 150948.16),
    (94337.32, 188674.64),
    (116613.27, 233226.54),
    (54026.16, 108052.32),
    (68747.91, 137495.82),
    (44272.95, 88545.9),
    (69140.77, 138281.54),
    (111930.92, 223861.84),
    (95376.91, 190753.82),
    (56670.48, 113340.96),
    (105254.26, 210508.52),
    (91479.09, 182958.18),
    (96897.16, 193794.32),
    (53498.33, 106996.66);
    
-- EMPLEADOS
INSERT INTO Empleados (nombreApellido, dni, telefono, mail, idDireccion, idAlmacen, idSueldo) 
VALUES 
	('Joly Muzzollo', 43353865, '6224009774', 'jmuzzollo0@europa.eu', 1, 6, 1),
	('Gui Garnar', 30095344, '4013281575', 'ggarnar1@home.pl', 2, 3, 2),
	('Rayna Neeves', 31628569, '2851066926', 'rneeves2@google.com', 3, 5, 3),
	('Ammamaria Ugolotti', 38586835, '4806364850', 'augolotti3@loc.gov', 4, 1, 4),
	('Vere Renehan', 41664809, '6943555408', 'vrenehan4@chicagotribune.com', 5, 2, 5),
	('Kurt McKern', 36071309, '3091495953', 'kmckern5@ox.ac.uk', 6, 7, 6),
	('Phil Sorrill', 38576364, '3157607705', 'psorrill6@cbslocal.com', 7, 1, 7),
	('Lora Gonin', 36602634, '2242705868', 'lgonin7@princeton.edu', 8, 6, 8),
	('Roberto Sammons', 34446590, '6871165030', 'rsammons8@buzzfeed.com', 9, 2, 9),
	('Lynne Scola', 33194355, '6957354355', 'lscola9@reverbnation.com', 10, 6, 10),
	('Lisbeth Rego', 30141203, '8366073022', 'lregoa@google.ca', 11, 7, 11),
	('Bogart Conlon', 30588365, '3526464425', 'bconlonb@seesaa.net', 12, 4, 12),
	('Vivia Paine', 33966739, '6049301041', 'vpainec@dedecms.com', 13, 5, 13),
	('Vergil Goacher', 40518775, '2166926735', 'vgoacherd@phpbb.com', 14, 3, 14),
	('Bobette Conley', 31998552, '2307911652', 'bconleye@devhub.com', 15, 5, 15),
	('Carlita Tatum', 30728832, '4421937119', 'ctatumf@tuttocitta.it', 16, 2, 16),
	('Floris Ould', 43710998, '3102017607', 'fouldg@reuters.com', 17, 4, 17),
	('Crin Regardsoe', 37560961, '6149306645', 'cregardsoeh@biglobe.ne.jp', 18, 2, 18),
	('Stafford Rudram', 37438559, '2431186052', 'srudrami@123-reg.co.uk', 19, 4, 19),
	('Garfield Wedmore', 36457046, '9982009580', 'gwedmorej@google.cn', 20, 7, 20),
	('Merline Dubois', 41597817, '4368520175', 'mduboisk@posterous.com', 21, 1, 21),
	('Jacinta Coleborn', 43235547, '3478403801', 'jcolebornl@usnews.com', 22, 1, 22),
	('Teodorico McAlindon', 31844122, '6355869296', 'tmcalindonm@behance.net', 23, 5, 23),
	('Fredelia Hannis', 36828336, '9357044472', 'fhannisn@ox.ac.uk', 24, 7, 24),
	('Trudie Bauchop', 36793295, '5562384262', 'tbauchopo@miitbeian.gov.cn', 25, 6, 25),
	('Avictor Seys', 39873769, '8828349085', 'aseysp@ted.com', 26, 5, 26),
	('Nial Stellman', 36868577, '7222311028', 'nstellmanq@cnn.com', 27, 7, 27),
	('Sherlocke Gainsbury', 38815431, '7088147098', 'sgainsburyr@zdnet.com', 28, 2, 28),
	('Elnar Hurton', 43167042, '4971957819', 'ehurtons@nifty.com', 29, 2, 29),
	('Donal Treasaden', 35929065, '7204723107', 'dtreasadent@friendfeed.com', 30, 2, 30),
	('Vale Alkins', 33615482, '2055033618', 'valkinsu@tuttocitta.it', 31, 1, 31),
	('Flore Buncher', 36828767, '8067197994', 'fbuncherv@123-reg.co.uk', 32, 5, 32),
	('Gerry Sporner', 34258748, '3732274245', 'gspornerw@tamu.edu', 33, 3, 33),
	('Wendeline Camelin', 32134360, '3704715624', 'wcamelinx@china.com.cn', 34, 4, 34),
	('Tonia De la Harpe', 31120627, '7205201591', 'tdey@upenn.edu', 35, 3, 25),
	('Cyrill Byne', 39141556, '2584893855', 'cbynez@nationalgeographic.com', 36, 4, 36),
	('Eward Conklin', 43074525, '6067343774', 'econklin10@skyrock.com', 37, 2, 37),
	('Sabra Simonassi', 30573796, '3136818359', 'ssimonassi11@census.gov', 38, 1, 38),
	('Westbrook Cullingworth', 38406237, '6653229076', 'wcullingworth12@marriott.com', 22, 3, 39),
	('Clayborn Burnet', 34206526, '4044070759', 'cburnet13@illinois.edu', 32, 1, 40),
	('Waldon Hinners', 35496640, '1112736652', 'whinners14@buzzfeed.com', 13, 5, 41);

-- EMPLEADOSCATEGORIAS
INSERT INTO EmpleadosCategorias (idCategoria,idEmpleado)
VALUES
	(1, 1),
    (3, 4),
    (3, 5),
	(2, 1),
	(1, 2),
    (4, 3),
    (2, 4),
    (1, 5),
    (1, 6),
    (2, 7),
    (4, 8),
    (1, 9),
    (4, 10),
    (1, 11),
    (4, 12),
    (2, 13),
    (1, 14),
    (2, 15),
    (1, 16),
    (2, 17),
    (1, 18),
    (1, 19),
    (2, 20),
    (3, 21),
    (4, 22),
    (4, 23),
    (4, 24),
    (3, 25),
    (3, 26),
    (1, 27),
    (1, 28),
    (1, 29),
    (3, 30),
    (1, 31),
    (1, 32),
    (4, 33),
	(4, 34),
    (4, 35),
    (2, 36),
    (3, 37),
    (4, 38),
    (3, 39),
    (1, 40),
    (4, 41);
    
-- PROVEEDORES
INSERT INTO Proveedores (nombre,telefono,idDireccion)
VALUES
	('Schowalter LLC',9585737400,139),
	('Spinka-Gerhold',6098147221,140),
	('Barrows-Grant',8867042347,141),
	('Moen-Ferry',1509312984,142),
	('Conroy Inc',4116406485,143),
	('Bins-Sporer',9091945710,144),
	('Carter Inc',1512153653,145), 
	('Towne-Halvorson',2554422532,146),
	('Ruecker-Murphy',4174112492,147),
	('Jakubowski-Mayert',3628779205,148),
	('Lebsack-Dickens',3753355291,149),
	('Hills-Gusikowski',3723777734,150),
	('Kunde-Buckridge',4057646697,151);
    
-- CLIENTES
INSERT INTO Clientes (nombre,apellido,dni,telefono,idDireccion)
VALUES
	('Sammy', 'Pryell', 20000000, '6057114554', 29),
	('Niel', 'Balchin', 20000001, '9676410993', 40),
    ('Virgie', 'Cobello', 20000002, '5491798987', 41),
    ('Shane', 'Fridlington', 20000003, '1139138429', 42),
    ('Taddeusz', 'Stott', 20000004, '3341459497', 43),
    ('Ezechiel', 'Penticoot', 20000005, '3953242183', 44),
    ('Jamaal', 'MacNamee', 20000006, '3402298054', 45),
    ('Rea', 'Itzkovici', 20000007, '4567206578', 46),
    ('Jacobo', 'Britt', 20000008, '2016584040', 47),
    ('Irita', 'Ekless', 20000009, '4975776731', 48),
    ('Hetty', 'Molan', 20000010, '6138166873', 49),
    ('Wat', 'Granger', 20000011, '4211140141', 50),
    ('Peria', 'Goolding', 20000012, '2029398309', 51),
    ('Cherise', 'Eronie', 20000013, '2191421142', 52),
    ('Marget', 'Whitaker', 20000014, '6685680725', 53),
    ('Minni', 'Shillingford', 20000015, '1957205194', 54),
    ('Adams', 'Eustace', 20000016, '3696225880', 55),
    ('Reggy', 'Lennon', 20000017, '4986428515', 56),
    ('Kassie', 'Warton', 20000018, '4663108153', 57),
    ('Buddy', 'Diggell', 20000019, '8258524939', 58),
    ('Rochelle', 'Laughlin', 20000020, '7619943151', 59),
    ('Giana', 'Benyan', 20000021, '3593451995', 60),
    ('Jimmie', 'Petrenko', 20000022, '7511559248', 61),
    ('Pammy', 'Eustis', 20000023, '8584013480', 62),
    ('Rodi', 'Piggot', 20000024, '1022748652', 63),
    ('Krishna', 'Duro', 20000025, '4023814172', 64),
    ('Farly', 'Roels', 20000026, '2581537879', 65),
    ('Corie', 'Matteau', 20000027, '1494419096', 66),
    ('Corby', 'Castellet', 20000028, '7802458435', 67),
    ('Dayna', 'Chinge', 20000029, '4572344293', 68),
    ('Anastassia', 'Pascho', 20000030, '1936581920', 69),
    ('Meggi', 'Armatidge', 20000031, '4943694954', 70),
    ('Leora', 'Strick', 20000032, '7887580395', 71),
    ('Evey', 'Bunson', 20000033, '6827846776', 72),
    ('Verene', 'Langdon', 20000034, '8418297310', 73),
    ('Maryanna', 'Terren', 20000035, '2511942897', 74),
    ('Clarabelle', 'Akaster', 20000036, '1135910973', 75),
    ('Alvina', 'D''Aeth', 20000037, '7277560485', 76),
    ('Martha', 'Dinning', 20000038, '3324830036', 77),
	('Chelsie', 'Bodker', 20000039, '3162440505', 78),
    ('Amelie', 'McHenry', 20000040, '7711320332', 79),
    ('Maudie', 'Melliard', 20000041, '7735362031', 80),
    ('Roda', 'Reuble', 20000042, '7748904277', 81),
	('Marylinda', 'Baversor', 20000043, '7841076651', 82),
    ('Freddy', 'Cissell', 20000044, '2198001248', 83),
    ('Titos', 'Wanka', 20000045, '5223381118', 84),
    ('Deanna', 'Highwood', 20000046, '9677259007', 85),
    ('Cecile', 'Rogister', 20000047, '2381836156', 86),
	('Shea', 'Durbin', 20000048, '2717605700', 87),
    ('Rosalyn', 'Simonnot', 20000049, '6184694387', 88),
    ('Fax', 'Filson', 20000050, '3271394395', 89),
    ('Feodora', 'Huey', 20000051, '6003314776', 90),
    ('Ollie', 'Kment', 20000052, '1395163608', 91),
	('Abagael', 'Lindberg', 20000053, '9837905374', 92),
    ('Briant', 'McCowen', 20000054, '8924803873', 93),
    ('Genvieve', 'Manners', 20000055, '6862211644', 94),
    ('Marie', 'Krier', 20000056, '1894639932', 95),
    ('Horacio', 'Rix', 20000057, '1747551557', 96),
	('Pat', 'Siggery', 20000058, '2177551414', 97),
    ('Keven', 'O''Noland', 20000059, '2918798720', 98),
    ('Aryn', 'Larter', 20000060, '8032864722', 99),
    ('Brigitta', 'Sudworth', 20000061, '3382172002', 100),
	('Udell', 'Phelit', 20000062, '9527107257', 101),
    ('Cooper', 'Mundy', 20000063, '9748342968', 102),
    ('Sloane', 'Popescu', 20000064, '4767683350', 103),
    ('Winnie', 'Bavage', 20000065, '2018373459', 104),
	('Melisse', 'Springham', 20000066, '6867457468', 105),
    ('Rosalind', 'Wafer', 20000067, '4408840363', 106),
    ('Vincenty', 'Bagott', 20000068, '9406565122', 107),
    ('Holly', 'Cholwell', 20000069, '6985635696', 108),
	('Tate', 'Catherick', 20000070, '6064629235', 109),
    ('Kit', 'MacNeilley', 20000071, '3479860314', 110),
    ('Pier', 'Steagall', 20000072, '9052378385', 111),
    ('Giovanna', 'Russe', 20000073, '6249958372', 112),
    ('Alvy', 'Redwin', 20000074, '3643682235', 113),
    ('Gaby', 'Spurman', 20000075, '6892339714', 114),
    ('Chrissy', 'Ropert', 20000076, '5673856264', 115),
    ('Alexis', 'Lukianov', 20000077, '8398305092', 116),
    ('Juliann', 'Poznanski', 20000078, '4745170856', 117),
    ('Sunshine', 'Gillam', 20000079, '7932962662', 118),
    ('Delores', 'Harmer', 20000080, '4152077506', 119),
    ('Donica', 'Ewen', 20000081, '2975287923', 120),
    ('Lucia', 'Thorne', 20000082, '2952592175', 121),
	('Adolphus', 'Rickerby', 20000083, '7433406297', 122),
    ('Germaine', 'Hanscomb', 20000084, '4594040673', 123),
    ('Gladi', 'Shackel', 20000085, '6917484589', 124),
    ('Israel', 'Caulliere', 20000086, '7047594932', 125),
	('Jakob', 'Carbert', 20000087, '6868800316', 126),
    ('Marcelline', 'Mullinder', 20000088, '4082228249', 127),
    ('Randal', 'Flanigan', 20000089, '5332772041', 128),
    ('Mair', 'Finnie', 20000090, '4837261164', 129),
    ('Deeyn', 'Lefley', 20000091, '4109029968', 130),
    ('Haley', 'Sandever', 20000092, '9254233622', 131),
    ('Wyn', 'Conman', 20000093, '5904002427', 132),
    ('Ike', 'Eul', 20000094, '8719143179', 133),
    ('Jock', 'Emberton', 20000095, '5362203114', 134),
	('Iain', 'Chudleigh', 20000096, '4693513713', 135),
    ('Guenna', 'Felderer', 20000097, '1846613934', 136),
    ('Ximenes', 'Setford', 20000098, '6343272962', 137),
    ('Gladys', 'Flatte', 20000099, '9887970114', 138);
    
    
-- ARTICULOS
INSERT INTO Articulos (nombre,precio,stock)
VALUES 
	('Soup - French Can Pea',2427.59,195),
	('Cheese - Brick With Pepper',1593.58,47),
	('Beans - Wax',516.8,65),
	('Tea - Orange Pekoe',633.63,193),
	('Sambuca Cream',1158.42,96),
	('Pork - Ham Hocks - Smoked',1844.34,112),
	('Lettuce - Romaine',150.55,48),
	('Wine - Jafflin Bourgongone',1085.02,156),
	('Chips - Miss Vickies',654.72,72),
	('Sambuca - Opal Nera',1721.76,267),
	('Soup - Campbells, Beef Barley',1061.43,143),
	('Mushroom Morel Fresh',1950.93,97),
	('Pepper - Julienne, Frozen',1533.49,122),
	('Pasta - Fettuccine, Egg, Fresh',668.34,44),
	('Parsley - Fresh',1019.18,134),
	('Pastry - Chocolate Chip Muffin',1060.98,196),
	('Lambcasing',973.1,196),
	('Mustard - Dijon',2294.59,70),
	('Pork - Chop, Frenched',1495.6,277),
	('Campari',1842.61,176),
	('Lotus Root',2263.8,278),
	('Gooseberry',1891.46,129),
	('Veal - Inside',1577.99,195),
	('Soup - Knorr, Country Bean',1600.2,259),
	('Bread - Calabrese Baguette',199.91,211),
	('Lentils - Red, Dry',1069.99,117),
	('Galliano',669.84,119),
	('Plastic Arrow Stir Stick',59.42,268),
	('Placemat - Scallop, White',1810.22,169),
	('Nectarines',382.44,197),
	('Champagne - Brights, Dry',2465.05,103),
	('Wine - Shiraz South Eastern',393.44,199),
	('Venison - Ground',53.75,202),
	('Sauce - Chili',1919.41,56),
	('Sour Cream',2340.58,267),
	('Apple - Macintosh',1262.39,178),
	('Eggroll',458.1,169),
	('Pasta - Cheese / Spinach Bauletti',1068.61,236),
	('Tomato - Plum With Basil',947.31,281),
	('Sauce - Hollandaise',1870.41,161),
	('Gloves - Goldtouch Disposable',2239.42,285),
	('Orange - Blood',1983.43,32),
	('Pickles - Gherkins',641.04,159),
	('Wine - Zonnebloem Pinotage',77.45,103),
	('Cheese - Grie Des Champ',1149.54,227),
	('Mace Ground',1050.11,202),
	('Vinegar - Red Wine',545.15,242),
	('Wine - Red, Cabernet Merlot',1748.22,242),
	('Beef - Tender Tips',593.29,231),
	('Aspic - Clear',1586.37,215),
	('Wine - White, Colubia Cresh',1928.63,24),
	('Anchovy Paste - 56 G Tube',1424.98,109),
	('Cheese Cloth No 60',50.17,12),
	('Dragon Fruit',125.34,191),
	('Horseradish Root',630.7,289),
	('Coffee - Colombian, Portioned',305.57,1),
	('Nutmeg - Ground',626.94,152),
	('Cheese - Ermite Bleu',879.09,236),
	('Puree - Pear',1112.35,90),
	('Extract - Lemon',318.23,262),
	('Wine - Ej Gallo Sonoma',679.3,124),
	('Capers - Pickled',1327.86,274),
	('Country Roll',312.69,34),
	('Turkey - Breast, Double',540.24,165),
	('Nestea - Iced Tea',2348.82,141),
	('Propel Sport Drink',1408.16,184),
	('Energy Drink',1241.1,279),
	('Puree - Strawberry',2194.93,219),
	('Carbonated Water - Blackberry',2213.95,238),
	('Wine - White, Ej Gallo',2419.88,36),
	('Cinnamon - Stick',983.68,80),
	('Icecream Bar - Del Monte',1399.75,7),
	('Beef - Outside, Round',1101.71,263),
	('Creme De Cacao White',77.42,104),
	('Bamboo Shoots - Sliced',300.37,94),
	('Foam Cup 6 Oz',427.74,103),
	('Oil - Margarine',1687.31,208),
	('Honey - Lavender',1200.97,267),
	('Aspic - Clear',2082.84,38),
	('Onions - White',2288.09,26),
	('Rabbit - Whole',251.91,116),
	('Walkers Special Old Whiskey',1311.69,214),
	('Wine - Red, Pelee Island Merlot',2131.9,36),
	('Sardines',702.76,110),
	('Wonton Wrappers',479.71,222),
	('Beef - Tenderloin',354.84,300),
	('Wine - Prem Select Charddonany',2426.62,186),
	('Squash - Butternut',1908.19,191),
	('Pie Box - Cello Window 2.5',1680.55,249),
	('Pepper - Julienne, Frozen',225.01,148),
	('Pail With Metal Handle 16l White',210.05,65),
	('Tortillas - Flour, 8',160.51,291),
	('Maple Syrup',408.54,224),
	('Sauce - Soya, Light',1877.8,148),
	('Pop Shoppe Cream Soda',1883.59,276),
	('Puree - Strawberry',676.05,59),
	('Hersey Shakes',221.42,229),
	('Sun - Dried Tomatoes',2491.52,234),
	('Couscous',2410.44,179),
	('Oven Mitt - 13 Inch',286.17,279);    
    
-- INVENTARIOS
INSERT INTO Inventarios (idInventario,idAlmacen)
VALUES
	(1,1),
    (2,2),
    (3,3),
    (4,4),
    (5,5),
    (6,6),
    (7,7);
    
 -- INVENTARIOSARTICULOS
INSERT INTO InventariosArticulos (idInventario, idArticulo)
VALUES
	(4, 1),
    (6, 2),
    (5, 3),
    (2, 4),
    (1, 5),
    (7, 6),
    (1, 7),
    (4, 8),
    (2, 9),
    (6, 10),
    (7, 11),
    (6, 12),
    (4, 13),
    (6, 14),
    (1, 15),
    (7, 16),
    (5, 17),
    (7, 18),
	(5, 19),
    (1, 20),
    (4, 21),
    (5, 22),
    (2, 23),
    (4, 24),
    (3, 25),
    (6, 26),
    (5, 27),
    (5, 28),
    (1, 29),
    (3, 30),
    (4, 31),
    (2, 32),
    (2, 33),
    (2, 34),
    (3, 35),
    (2, 36),
    (2, 37),
    (4, 38),
    (5, 39),
    (6, 40),
    (5, 41),
	(4, 42),
    (2, 43),
    (1, 44),
    (3, 45),
    (6, 46),
    (5, 47),
    (1, 48),
    (3, 49),
    (5, 50),
    (4, 51),
    (2, 52),
	(7, 53),
    (1, 54),
    (1, 55),
    (6, 56),
    (7, 57),
    (1, 58),
    (7, 59),
    (4, 60),
    (7, 61),
    (2, 62),
    (4, 63),
	(3, 64),
    (6, 65),
    (1, 66),
    (3, 67),
    (3, 68),
    (5, 69),
    (1, 70),
    (2, 71),
    (5, 72),
    (7, 73),
    (7, 74),
	(6, 75),
    (6, 76),
    (5, 77),
    (1, 78),
    (3, 79),
    (4, 80),
    (6, 81),
    (6, 82),
    (6, 83),
    (2, 84),
    (2, 85),
    (7, 86),
	(3, 87),
    (5, 88),
    (7, 89),
    (2, 90),
    (6, 91),
    (6, 92),
    (4, 93),
    (3, 94),
    (3, 95),
    (1, 96),
	(6, 97),
    (3, 98),
    (4, 99),
    (4, 100);
    
-- VENTAS
INSERT INTO Ventas (precioTotal,fecha,idCliente,idAlmacen)
VALUES
	(41556.66, '2022-01-10', 10, 1),
    (25329.35, '2019-12-18', 58, 5),
    (40644.08, '2018-09-23', 1, 1),
    (13859.67, '2021-04-20', 3, 4),
    (31944.98, '2020-06-27', 16, 2),
    (22157.37, '2018-01-23', 50, 6),
    (5356.5, '2020-10-25', 97, 7),
    (17392.65, '2019-04-10', 6, 2),
    (6463.63, '2019-11-06', 87, 4),
    (45943.19, '2019-02-06', 81, 3),
    (31719.65, '2019-01-28', 72, 2),
    (46531.46, '2022-04-14', 59, 4),
    (7924.92, '2020-02-21', 30, 2),
    (3080.75, '2018-02-18', 62, 2),
    (17897.22, '2018-05-11', 36, 1),
    (40646.62, '2018-01-30', 72, 6),
    (29169.75, '2021-01-09', 25, 3),
    (42483.04, '2020-01-29', 31, 7),
    (36358.74, '2018-12-18', 69, 1),
    (15559.83, '2020-08-15', 17, 3),
    (47735.56, '2018-08-29', 77, 3),
    (43502.96, '2021-05-10', 4, 1),
    (14443.18, '2018-08-04', 39, 7),
    (47374.99, '2020-02-23', 62, 4),
    (8826.35, '2019-07-09', 56, 5),
    (18510.57, '2020-08-18', 26, 7),
    (14711.62, '2021-09-14', 65, 3),
    (40302.98, '2019-01-10', 90, 4),
    (16742.03, '2018-06-22', 11, 2),
    (48537.68, '2021-11-02', 96, 7),
    (24505.27, '2022-05-03', 51, 7),
    (33189.4, '2021-12-23', 87, 7),
    (24793.31, '2021-02-16', 7, 5),
    (11129.85, '2020-03-10', 18, 3),
    (4016.32, '2020-09-26', 79, 7),
    (39151.23, '2018-08-23', 83, 1),
    (34953.06, '2018-08-28', 45, 6),
    (37544.88, '2017-10-27', 42, 7),
    (15758.23, '2020-06-18', 20, 5),
    (36345.42, '2017-11-22', 32, 3),
    (41102.16, '2018-10-10', 3, 2),
    (45834.43, '2019-07-16', 40, 3),
    (20682.32, '2019-12-09', 42, 2),
    (45027.16, '2019-08-17', 67, 1),
    (2372.79, '2022-03-30', 11, 6),
    (43035.5, '2020-06-12', 65, 2),
    (48377.38, '2021-05-02', 34, 4),
    (43099.74, '2018-06-10', 9, 4),
    (27423.67, '2018-09-10', 94, 5),
    (48244.52, '2020-04-11', 12, 6),
    (9796.31, '2022-08-20', 78, 4),
    (26973.05, '2020-05-11', 93, 4),
    (7166.78, '2018-08-29', 93, 5),
    (26298.3, '2018-03-10', 91, 4),
    (11940.56, '2019-07-18', 57, 1),
    (29438.08, '2020-02-03', 54, 5),
    (31512.07, '2020-09-17', 71, 6),
    (33367.87, '2021-09-20', 32, 4),
    (40326.59, '2018-08-27', 35, 6),
    (11065.37, '2018-10-18', 94, 3),
    (34832.26, '2018-07-10', 100, 4),
    (36701.71, '2017-10-18', 38, 5),
    (2416.18, '2019-05-20', 84, 2),
    (785.01, '2021-02-23', 96, 3),
    (48704.61, '2018-01-10', 56, 6),
    (1562.54, '2019-01-26', 37, 4),
    (32361.22, '2021-04-01', 56, 3),
    (4274.68, '2017-09-22', 59, 7),
    (5332.35, '2020-08-12', 41, 6),
    (44871.09, '2018-02-28', 55, 1),
    (19780.11, '2018-01-14', 60, 2),
    (22815.73, '2021-06-25', 4, 7),
    (18554.78, '2021-05-28', 56, 3),
    (16450.7, '2018-07-11', 55, 5),
    (1143.56, '2019-09-24', 61, 2),
    (14647.67, '2019-07-17', 36, 5),
    (40189.03, '2018-10-10', 29, 6),
    (41638.71, '2022-04-18', 74, 7),
    (11588.53, '2017-12-19', 6, 4),
    (30414.11, '2018-08-07', 98, 7),
    (21968.11, '2020-01-31', 90, 6),
    (41021.32, '2021-02-08', 97, 3),
    (32317.26, '2018-04-10', 13, 5),
    (34616.85, '2020-08-02', 9, 7),
    (45222.61, '2021-08-14', 75, 6),
    (4539.57, '2021-10-31', 26, 7),
    (21897.83, '2022-02-27', 98, 5),
    (4214.89, '2021-03-23', 43, 1),
    (23194.29, '2022-02-06', 50, 7),
    (23996.67, '2019-04-29', 13, 5),
    (4030.62, '2019-01-20', 97, 4),
    (41997.72, '2018-02-23', 17, 7),
    (5571.43, '2020-07-04', 34, 5),
    (16331.0, '2022-08-17', 39, 6),
    (16074.37, '2018-12-11', 51, 3),
    (26493.02, '2019-09-12', 63, 4),
    (32149.54, '2019-10-23', 98, 6),
    (31556.07, '2019-10-11', 52, 1),
    (39783.21, '2021-03-23', 78, 5),
    (7732.76, '2022-06-12', 4, 3),
    (6325.28, '2018-12-11', 41, 2),
    (49470.1, '2022-07-26', 3, 4),
    (33028.11, '2020-06-17', 41, 4),
    (12495.94, '2018-12-26', 37, 1),
    (40828.36, '2019-02-08', 7, 2),
    (37243.81, '2021-09-16', 12, 3),
    (7153.68, '2017-09-22', 83, 3),
    (42694.95, '2019-08-26', 21, 7),
    (13136.91, '2020-10-03', 80, 3),
    (16296.93, '2020-03-19', 53, 5),
    (17151.96, '2021-11-24', 68, 6),
    (48667.0, '2021-12-18', 67, 1),
    (46188.68, '2018-03-03', 65, 2),
    (25086.3, '2019-01-31', 75, 7),
    (17881.89, '2021-08-04', 58, 2),
    (33906.91, '2022-01-24', 81, 4),
    (16502.49, '2020-03-06', 88, 4),
    (17982.45, '2020-11-17', 10, 2),
    (14344.78, '2017-11-09', 39, 4),
    (29270.48, '2018-01-29', 22, 6),
    (17607.21, '2020-01-05', 15, 7),
    (21250.61, '2018-07-23', 30, 1),
    (21565.92, '2021-01-11', 73, 6),
    (33412.17, '2020-02-05', 79, 3),
    (27275.0, '2018-01-10', 3, 6),
    (12854.09, '2019-09-01', 64, 6),
    (26875.06, '2018-03-16', 60, 1),
    (37160.24, '2022-08-02', 40, 5),
    (21520.44, '2019-05-21', 6, 1),
    (39161.79, '2019-10-12', 100, 7),
    (21195.92, '2020-07-23', 17, 2),
    (24466.45, '2018-08-03', 64, 3),
    (5466.27, '2017-12-23', 36, 7),
    (14409.88, '2022-08-30', 58, 4),
    (30722.22, '2018-02-24', 56, 5),
    (39730.78, '2019-04-05', 26, 2),
    (48211.73, '2020-01-06', 67, 2),
    (42173.2, '2019-11-20', 62, 2),
    (1381.07, '2021-08-03', 37, 4),
    (25204.89, '2021-05-03', 96, 3),
    (36347.14, '2021-05-26', 73, 7),
    (21260.01, '2021-12-08', 18, 3),
    (19360.37, '2021-07-11', 89, 3),
    (47346.26, '2021-09-02', 57, 6),
    (41411.46, '2018-10-03', 6, 4),
    (18252.32, '2021-10-05', 90, 5),
    (28139.19, '2021-07-28', 96, 2),
    (33837.9, '2021-07-29', 87, 1),
    (21906.03, '2021-05-26', 18, 4),
    (41561.98, '2022-04-10', 5, 5),
    (39160.31, '2020-06-11', 94, 5),
    (46845.9, '2019-06-11', 90, 5),
    (29576.91, '2019-02-17', 69, 6),
    (10154.69, '2021-10-21', 30, 2),
    (20079.09, '2021-09-01', 58, 4),
    (32480.35, '2022-01-01', 81, 1),
    (795.15, '2022-05-26', 27, 3),
    (21338.56, '2022-08-06', 67, 6),
    (48483.26, '2021-07-03', 7, 1),
    (17765.52, '2021-09-13', 17, 7),
    (24539.34, '2017-12-20', 75, 4),
    (49929.32, '2021-04-17', 35, 5),
    (32174.07, '2020-10-31', 68, 4),
    (21894.12, '2017-10-22', 40, 5),
    (48176.6, '2021-10-21', 60, 4),
    (23937.87, '2021-11-20', 84, 5),
    (45793.88, '2022-06-01', 2, 5),
    (18466.19, '2019-03-22', 71, 5),
    (28655.99, '2022-05-08', 83, 1),
    (29093.37, '2022-02-19', 41, 6),
    (2915.53, '2017-10-30', 10, 3),
    (27640.64, '2019-03-04', 94, 4),
    (30748.32, '2022-04-06', 62, 4),
    (15788.93, '2019-02-13', 69, 3),
    (25824.28, '2020-07-25', 46, 4),
    (19557.42, '2020-06-02', 96, 1),
    (31805.88, '2017-11-29', 43, 7),
    (10746.0, '2021-12-05', 26, 1),
    (5874.44, '2022-03-22', 95, 6),
    (24460.54, '2020-03-09', 56, 7),
    (34155.59, '2018-10-22', 5, 5),
    (32341.38, '2021-07-23', 70, 3),
    (14062.92, '2020-11-14', 51, 2),
    (12814.47, '2020-02-11', 99, 5),
    (3501.01, '2021-06-22', 95, 7),
    (44387.8, '2021-05-19', 37, 3),
    (12487.89, '2018-01-05', 25, 4),
    (46932.05, '2022-01-28', 56, 4),
    (8842.11, '2022-03-20', 65, 6),
    (36474.79, '2020-09-10', 35, 6),
    (17938.48, '2021-02-08', 64, 2),
    (4218.15, '2018-07-05', 16, 7),
    (9820.12, '2020-09-15', 85, 1),
    (9040.41, '2019-04-07', 99, 2),
    (33177.37, '2020-09-15', 16, 4),
    (27805.52, '2019-06-30', 32, 1),
    (14405.96, '2020-06-27', 11, 1),
    (30794.43, '2020-11-07', 95, 3),
    (31235.28, '2018-02-26', 33, 7),
    (34670.53, '2018-09-18', 16, 4),
    (27020.43, '2022-02-23', 19, 6),
    (18262.73, '2020-01-02', 49, 4),
    (49472.98, '2022-06-13', 79, 5),
    (27910.59, '2022-08-28', 30, 6),
    (31307.29, '2021-02-16', 70, 2),
    (28423.55, '2022-07-21', 34, 2),
    (3583.08, '2020-12-24', 89, 5),
    (37101.65, '2022-02-18', 89, 1),
    (30463.84, '2021-10-31', 47, 5),
    (10144.78, '2018-07-16', 23, 2),
    (9595.22, '2021-01-20', 74, 7),
    (41187.55, '2021-01-19', 84, 7),
    (32127.6, '2021-03-22', 22, 3),
    (612.69, '2018-06-03', 35, 1),
    (6547.21, '2021-01-22', 79, 5),
    (9282.3, '2020-09-20', 63, 6),
    (34517.88, '2019-02-08', 4, 3),
    (43453.03, '2021-01-11', 40, 3),
    (19912.37, '2017-10-19', 20, 5),
    (22857.86, '2021-07-17', 27, 7),
    (26523.27, '2018-04-29', 40, 1),
    (49499.29, '2019-01-24', 66, 6),
    (40592.01, '2017-10-03', 87, 1),
    (4954.69, '2022-06-30', 51, 4),
    (12755.48, '2020-11-10', 35, 4),
    (18468.86, '2021-07-01', 16, 7),
    (2845.55, '2020-04-15', 8, 7),
    (27390.84, '2022-01-15', 11, 3),
    (14044.98, '2021-12-17', 62, 7),
    (47581.96, '2018-08-05', 49, 6),
    (20450.4, '2020-01-20', 76, 2),
    (15550.05, '2022-06-18', 22, 5),
    (10388.3, '2018-11-19', 95, 3),
    (808.67, '2018-12-29', 18, 4),
    (32207.8, '2022-02-21', 83, 3),
    (26065.58, '2022-02-23', 41, 5),
    (33133.71, '2022-05-28', 92, 2),
    (5434.08, '2019-11-13', 56, 5),
    (4938.71, '2022-02-07', 25, 2),
    (12634.0, '2020-04-07', 16, 7),
    (12302.82, '2018-06-04', 52, 3),
    (49117.08, '2021-01-25', 84, 7),
    (7158.84, '2019-10-10', 60, 7),
    (37886.81, '2018-02-07', 58, 5),
    (25794.56, '2019-01-21', 79, 5),
    (47507.1, '2021-06-01', 86, 3),
    (32558.21, '2021-05-29', 88, 1),
    (1855.66, '2018-10-21', 86, 6),
    (30994.3, '2020-04-28', 69, 7),
    (26255.12, '2021-11-18', 31, 7),
    (6657.65, '2021-03-26', 66, 6),
    (29245.89, '2022-08-06', 28, 3),
    (30568.07, '2022-08-28', 33, 2),
    (10736.76, '2021-06-23', 67, 6),
    (23020.19, '2018-04-10', 10, 7),
    (38724.88, '2019-07-27', 92, 2),
    (26371.05, '2022-06-17', 10, 7),
    (10309.6, '2022-06-30', 17, 1),
    (44310.13, '2021-05-11', 21, 3),
    (3023.1, '2022-05-28', 32, 6),
    (30607.01, '2019-11-30', 48, 6),
    (17721.0, '2019-11-29', 61, 7),
    (18148.17, '2022-07-15', 23, 1),
    (40658.03, '2018-06-16', 79, 6),
    (2478.41, '2021-02-07', 70, 5),
    (17209.68, '2021-01-30', 55, 7),
    (9284.48, '2020-10-21', 32, 5),
    (38221.81, '2021-02-26', 54, 6),
    (49683.71, '2019-08-25', 66, 4),
    (34529.3, '2020-02-09', 16, 2),
    (1043.45, '2018-04-30', 25, 6),
    (4853.2, '2018-11-29', 50, 1),
    (48475.53, '2022-02-08', 38, 7),
    (8723.63, '2018-03-02', 27, 2),
    (7187.09, '2020-05-17', 69, 5),
    (26963.88, '2022-06-06', 70, 6),
    (49868.17, '2018-11-20', 77, 1),
    (757.22, '2022-08-26', 63, 6),
    (9646.72, '2019-05-29', 71, 2),
    (17235.65, '2019-04-23', 90, 4),
    (22729.75, '2020-07-17', 39, 1),
    (3965.38, '2022-04-30', 45, 5),
    (9903.51, '2018-09-07', 77, 7),
    (3737.01, '2018-03-02', 7, 5),
    (4442.61, '2022-05-11', 41, 6),
    (35669.36, '2018-12-21', 44, 2),
    (44528.22, '2019-05-21', 90, 3),
    (13992.16, '2022-09-03', 63, 7),
    (14765.72, '2019-09-18', 100, 3),
    (41361.32, '2018-05-09', 22, 2),
    (20462.82, '2018-12-10', 100, 6),
    (17297.79, '2018-04-18', 9, 3),
    (45677.01, '2021-07-14', 74, 1),
    (46131.98, '2021-08-15', 12, 3),
    (13380.1, '2019-01-14', 89, 1),
    (31145.57, '2020-06-08', 61, 1),
    (18582.05, '2019-08-02', 24, 3),
    (9611.72, '2019-10-19', 59, 2),
    (38983.09, '2019-03-12', 84, 5),
    (45910.07, '2021-08-22', 77, 7),
    (35397.09, '2022-03-10', 84, 5),
    (14079.94, '2020-06-29', 45, 4),
    (24252.12, '2019-05-02', 48, 4),
    (9030.36, '2018-08-02', 65, 2),
    (13214.51, '2021-10-01', 41, 4),
    (6700.63, '2022-05-21', 100, 1),
    (27760.41, '2020-08-22', 57, 3),
    (28678.75, '2018-03-21', 42, 2),
    (45370.0, '2017-10-17', 66, 2),
    (48615.34, '2018-10-17', 92, 7),
    (10193.98, '2020-01-07', 57, 1),
    (41039.59, '2021-08-15', 56, 2),
    (28949.89, '2018-07-27', 37, 3),
    (42989.24, '2021-09-13', 22, 4),
    (47625.32, '2022-06-19', 65, 3),
    (30422.74, '2018-06-05', 65, 3),
    (2113.45, '2021-08-20', 5, 4),
    (6964.34, '2020-06-12', 39, 3),
    (32056.4, '2019-03-07', 91, 4),
    (43024.37, '2021-06-20', 79, 2),
    (40877.72, '2018-09-24', 45, 5),
    (21326.16, '2018-04-16', 12, 5),
    (209.47, '2021-02-23', 64, 4),
    (21653.99, '2021-02-09', 15, 6),
    (42260.22, '2020-04-17', 100, 7),
    (9074.07, '2018-08-28', 9, 5),
    (27030.18, '2019-09-23', 21, 6),
    (23333.53, '2020-12-17', 32, 1),
    (37388.76, '2022-03-29', 64, 6),
    (36200.88, '2018-02-11', 85, 5),
    (31143.61, '2020-06-30', 12, 4),
    (46339.53, '2020-05-09', 7, 1),
    (37965.17, '2018-04-14', 57, 1),
    (26944.87, '2019-01-12', 62, 5),
    (12054.07, '2020-03-16', 11, 5),
    (41758.88, '2021-07-04', 34, 5),
    (33754.69, '2018-06-16', 68, 5),
    (12629.26, '2018-05-19', 29, 1),
    (45375.88, '2019-08-15', 37, 7),
    (31043.8, '2019-07-05', 62, 7),
    (8622.2, '2019-04-08', 6, 4),
    (13668.12, '2020-01-06', 89, 2),
    (29315.43, '2019-06-21', 75, 3),
    (492.59, '2017-11-29', 49, 2),
    (35800.49, '2020-04-12', 24, 7),
    (11660.46, '2020-11-21', 22, 3),
    (38400.63, '2018-11-26', 27, 4),
    (34144.55, '2017-11-06', 35, 5),
    (46172.87, '2022-06-24', 23, 6),
    (29206.7, '2022-05-08', 48, 7),
    (22742.68, '2019-04-13', 21, 7),
    (31286.77, '2020-01-26', 27, 7),
    (45644.76, '2021-02-16', 21, 4),
    (29985.31, '2019-04-11', 53, 7),
    (13775.45, '2019-08-28', 68, 6),
    (8325.6, '2018-01-20', 24, 5),
    (4319.86, '2018-01-06', 42, 3),
    (35155.9, '2018-10-07', 32, 1),
    (1582.88, '2020-11-19', 81, 4),
    (43745.96, '2018-12-09', 10, 2),
    (25615.11, '2020-05-07', 65, 6),
    (44595.8, '2019-04-04', 66, 6),
    (21330.82, '2022-08-16', 8, 5),
    (39060.58, '2022-06-15', 36, 3),
    (49541.87, '2022-03-06', 19, 1),
    (13791.77, '2019-03-26', 58, 4),
    (12385.21, '2022-08-02', 31, 1),
    (831.97, '2020-09-15', 46, 1),
    (43753.31, '2019-11-15', 72, 6),
    (11211.41, '2019-10-05', 83, 4),
    (2681.94, '2017-10-09', 37, 6),
    (36999.88, '2020-10-03', 8, 4),
    (40247.21, '2020-01-29', 52, 1),
    (16959.89, '2021-04-06', 49, 3),
    (3640.49, '2022-08-10', 42, 6),
    (39464.57, '2018-05-29', 39, 7),
    (4095.48, '2018-09-01', 1, 2),
    (39172.5, '2019-06-28', 39, 3),
    (22892.76, '2022-07-07', 24, 3),
    (41742.25, '2017-12-22', 52, 4),
    (45278.05, '2018-01-19', 89, 6),
    (29678.76, '2019-05-23', 7, 2),
    (32805.77, '2019-01-10', 29, 4),
    (10026.39, '2019-10-11', 60, 6),
    (14104.6, '2018-08-30', 96, 7),
    (11472.7, '2017-10-06', 69, 1),
    (35708.74, '2021-04-05', 57, 6),
    (6188.14, '2021-11-25', 65, 1),
    (36495.6, '2020-01-06', 48, 6),
    (28165.98, '2021-05-18', 80, 4),
    (44902.79, '2021-11-23', 65, 1),
    (47142.09, '2020-12-26', 41, 5),
    (25159.87, '2021-10-14', 44, 1),
    (2368.32, '2022-02-13', 26, 5),
    (11075.12, '2021-05-29', 54, 2),
    (21567.11, '2020-03-08', 37, 1),
    (10808.49, '2021-08-11', 58, 4),
    (5116.21, '2018-11-02', 83, 2),
    (32009.91, '2019-01-19', 27, 7),
    (2011.44, '2022-08-08', 35, 6),
    (47743.06, '2018-07-19', 40, 5),
    (32712.81, '2019-06-28', 34, 7),
    (39275.85, '2022-03-28', 68, 2),
    (45870.41, '2019-04-03', 67, 3),
    (27125.45, '2019-05-25', 28, 5),
    (41012.31, '2018-03-28', 69, 3),
    (29484.44, '2020-04-07', 25, 3),
    (7335.02, '2020-08-17', 62, 7),
    (1982.44, '2020-08-31', 65, 6),
    (29803.56, '2020-05-27', 94, 5),
    (15447.03, '2022-08-18', 89, 7),
    (36889.32, '2019-03-10', 22, 1),
    (40118.24, '2018-08-30', 62, 6),
    (25608.53, '2019-03-07', 39, 1),
    (37263.44, '2021-12-14', 2, 7),
    (23267.01, '2018-04-28', 80, 6),
    (24895.19, '2020-06-22', 76, 1),
    (11615.63, '2022-06-05', 96, 5),
    (9897.68, '2020-05-07', 34, 3),
    (43410.77, '2022-07-04', 89, 1),
    (30372.12, '2022-07-28', 21, 2),
    (44147.27, '2019-12-20', 60, 6),
    (49622.06, '2018-12-01', 18, 6),
    (49745.98, '2021-01-06', 85, 3),
    (39690.86, '2020-02-13', 31, 5),
    (36122.93, '2019-07-11', 40, 6),
    (4038.87, '2020-12-14', 49, 4),
    (46181.06, '2017-09-14', 33, 3),
    (28611.81, '2021-03-25', 12, 2),
    (47211.17, '2022-06-30', 96, 4),
    (35538.01, '2020-09-13', 31, 4),
    (13102.34, '2018-08-25', 61, 7),
    (46141.15, '2020-06-27', 22, 7),
    (18070.76, '2020-08-05', 19, 1),
    (1054.99, '2020-02-05', 42, 6),
    (42852.87, '2021-06-28', 6, 1),
    (47429.12, '2018-04-17', 58, 7),
    (29717.79, '2020-09-01', 69, 6),
    (38918.84, '2019-03-29', 73, 4),
    (2441.61, '2020-12-30', 99, 1),
    (10858.02, '2019-05-19', 36, 4),
    (44942.53, '2017-09-28', 25, 7),
    (31342.79, '2019-03-13', 34, 7),
    (18253.4, '2021-03-04', 89, 2),
    (13325.36, '2022-05-25', 61, 3),
    (30215.14, '2021-07-16', 38, 2),
    (43097.61, '2020-01-09', 28, 1),
    (12005.49, '2021-08-08', 73, 2),
    (2810.23, '2019-04-13', 76, 4),
    (32732.47, '2021-12-27', 29, 6),
    (45467.82, '2020-07-02', 84, 7),
    (27297.26, '2020-04-28', 16, 1),
    (8412.37, '2019-11-04', 84, 6),
    (6961.0, '2019-01-25', 36, 2),
    (38561.7, '2017-10-29', 13, 5),
    (5536.3, '2020-07-27', 47, 5),
    (40332.08, '2019-08-16', 15, 4),
    (3672.15, '2020-09-08', 32, 3),
    (16947.12, '2019-10-23', 53, 5),
    (19225.08, '2019-03-09', 74, 1),
    (5399.15, '2018-09-28', 96, 4),
    (719.53, '2022-02-17', 81, 7),
    (35319.1, '2022-07-03', 14, 3),
    (3573.24, '2017-12-04', 75, 2),
    (36910.44, '2022-09-11', 8, 4),
    (17195.91, '2021-08-31', 32, 6),
    (9689.43, '2018-04-23', 96, 7),
    (27738.3, '2021-12-02', 99, 5),
    (15903.22, '2020-03-27', 51, 3),
    (6080.33, '2020-11-18', 100, 6),
    (32678.46, '2020-12-13', 67, 3),
    (6340.61, '2017-10-27', 45, 4),
    (45474.96, '2020-02-20', 97, 3),
    (2166.42, '2022-06-21', 83, 3),
    (21620.08, '2021-08-29', 81, 1),
    (47229.68, '2021-01-20', 78, 1),
    (32388.69, '2017-10-24', 88, 5),
    (49757.77, '2018-12-12', 68, 1),
    (11653.41, '2019-11-09', 52, 3),
    (35557.44, '2021-07-14', 95, 6),
    (48989.45, '2018-09-22', 83, 6),
    (40858.88, '2018-09-19', 61, 2),
    (6594.1, '2018-07-27', 47, 7),
    (17473.1, '2020-04-30', 65, 5),
    (25154.44, '2017-11-11', 100, 7),
    (3134.61, '2021-03-07', 48, 1),
    (17453.55, '2020-09-01', 33, 6),
    (28288.42, '2018-03-15', 59, 2),
    (44558.35, '2020-10-11', 84, 3),
    (8606.74, '2020-03-12', 18, 3),
    (38771.76, '2021-06-23', 46, 5),
    (16674.69, '2021-10-19', 84, 2),
    (6870.49, '2018-12-12', 71, 1),
    (20125.04, '2018-01-04', 50, 3),
    (1358.38, '2019-11-12', 6, 5),
    (21158.43, '2018-07-28', 62, 5),
    (38801.85, '2017-11-20', 56, 4),
    (475.33, '2021-12-14', 12, 1),
    (25980.88, '2019-11-23', 3, 2),
    (29989.26, '2021-03-18', 60, 7),
    (41556.66, '2022-01-10', 10, 1),
    (25329.35, '2019-12-18', 58, 5),
    (40644.08, '2018-09-23', 1, 1),
    (13859.67, '2021-04-20', 3, 4),
    (31944.98, '2020-06-27', 16, 2),
    (22157.37, '2018-01-23', 50, 6),
    (5356.5, '2020-10-25', 97, 7),
    (17392.65, '2019-04-10', 6, 2),
    (6463.63, '2019-11-06', 87, 4),
    (45943.19, '2019-02-06', 81, 3),
    (31719.65, '2019-01-28', 72, 2),
    (46531.46, '2022-04-14', 59, 4),
    (7924.92, '2020-02-21', 30, 2),
    (3080.75, '2018-02-18', 62, 2),
    (17897.22, '2018-05-11', 36, 1),
    (40646.62, '2018-01-30', 72, 6),
    (29169.75, '2021-01-09', 25, 3),
    (42483.04, '2020-01-29', 31, 7),
    (36358.74, '2018-12-18', 69, 1),
    (15559.83, '2020-08-15', 17, 3),
    (47735.56, '2018-08-29', 77, 3),
    (43502.96, '2021-05-10', 4, 1),
    (14443.18, '2018-08-04', 39, 7),
    (47374.99, '2020-02-23', 62, 4),
    (8826.35, '2019-07-09', 56, 5),
    (18510.57, '2020-08-18', 26, 7),
    (14711.62, '2021-09-14', 65, 3),
    (40302.98, '2019-01-10', 90, 4),
    (16742.03, '2018-06-22', 11, 2),
    (48537.68, '2021-11-02', 96, 7),
    (24505.27, '2022-05-03', 51, 7),
    (33189.4, '2021-12-23', 87, 7),
    (24793.31, '2021-02-16', 7, 5),
    (11129.85, '2020-03-10', 18, 3),
    (4016.32, '2020-09-26', 79, 7),
    (39151.23, '2018-08-23', 83, 1),
    (34953.06, '2018-08-28', 45, 6),
    (37544.88, '2017-10-27', 42, 7),
    (15758.23, '2020-06-18', 20, 5),
    (36345.42, '2017-11-22', 32, 3),
    (41102.16, '2018-10-10', 3, 2),
    (45834.43, '2019-07-16', 40, 3),
    (20682.32, '2019-12-09', 42, 2),
    (45027.16, '2019-08-17', 67, 1),
    (2372.79, '2022-03-30', 11, 6),
    (43035.5, '2020-06-12', 65, 2),
    (48377.38, '2021-05-02', 34, 4),
    (43099.74, '2018-06-10', 9, 4),
    (27423.67, '2018-09-10', 94, 5),
    (48244.52, '2020-04-11', 12, 6),
    (9796.31, '2022-08-20', 78, 4),
    (26973.05, '2020-05-11', 93, 4),
    (7166.78, '2018-08-29', 93, 5),
    (26298.3, '2018-03-10', 91, 4),
    (11940.56, '2019-07-18', 57, 1),
    (29438.08, '2020-02-03', 54, 5),
    (31512.07, '2020-09-17', 71, 6),
    (33367.87, '2021-09-20', 32, 4),
    (40326.59, '2018-08-27', 35, 6),
    (11065.37, '2018-10-18', 94, 3),
    (34832.26, '2018-07-10', 100, 4),
    (36701.71, '2017-10-18', 38, 5),
    (2416.18, '2019-05-20', 84, 2),
    (785.01, '2021-02-23', 96, 3),
    (48704.61, '2018-01-10', 56, 6),
    (1562.54, '2019-01-26', 37, 4),
    (32361.22, '2021-04-01', 56, 3),
    (4274.68, '2017-09-22', 59, 7),
    (5332.35, '2020-08-12', 41, 6),
    (44871.09, '2018-02-28', 55, 1),
    (19780.11, '2018-01-14', 60, 2),
    (22815.73, '2021-06-25', 4, 7),
    (18554.78, '2021-05-28', 56, 3),
    (16450.7, '2018-07-11', 55, 5),
    (1143.56, '2019-09-24', 61, 2),
    (14647.67, '2019-07-17', 36, 5),
    (40189.03, '2018-10-10', 29, 6),
    (41638.71, '2022-04-18', 74, 7),
    (11588.53, '2017-12-19', 6, 4),
    (30414.11, '2018-08-07', 98, 7),
    (21968.11, '2020-01-31', 90, 6),
    (41021.32, '2021-02-08', 97, 3),
    (32317.26, '2018-04-10', 13, 5),
    (34616.85, '2020-08-02', 9, 7),
    (45222.61, '2021-08-14', 75, 6),
    (4539.57, '2021-10-31', 26, 7),
    (21897.83, '2022-02-27', 98, 5),
    (4214.89, '2021-03-23', 43, 1),
    (23194.29, '2022-02-06', 50, 7),
    (23996.67, '2019-04-29', 13, 5),
    (4030.62, '2019-01-20', 97, 4),
    (41997.72, '2018-02-23', 17, 7),
    (5571.43, '2020-07-04', 34, 5),
    (16331.0, '2022-08-17', 39, 6),
    (16074.37, '2018-12-11', 51, 3),
    (26493.02, '2019-09-12', 63, 4),
    (32149.54, '2019-10-23', 98, 6),
    (31556.07, '2019-10-11', 52, 1),
    (39783.21, '2021-03-23', 78, 5),
    (7732.76, '2022-06-12', 4, 3),
    (6325.28, '2018-12-11', 41, 2),
    (49470.1, '2022-07-26', 3, 4),
    (33028.11, '2020-06-17', 41, 4),
    (12495.94, '2018-12-26', 37, 1),
    (40828.36, '2019-02-08', 7, 2),
    (37243.81, '2021-09-16', 12, 3),
    (7153.68, '2017-09-22', 83, 3),
    (42694.95, '2019-08-26', 21, 7),
    (13136.91, '2020-10-03', 80, 3),
    (16296.93, '2020-03-19', 53, 5),
    (17151.96, '2021-11-24', 68, 6),
    (48667.0, '2021-12-18', 67, 1),
    (46188.68, '2018-03-03', 65, 2),
    (25086.3, '2019-01-31', 75, 7),
    (17881.89, '2021-08-04', 58, 2),
    (33906.91, '2022-01-24', 81, 4),
    (16502.49, '2020-03-06', 88, 4),
    (17982.45, '2020-11-17', 10, 2),
    (14344.78, '2017-11-09', 39, 4),
    (29270.48, '2018-01-29', 22, 6),
    (17607.21, '2020-01-05', 15, 7),
    (21250.61, '2018-07-23', 30, 1),
    (21565.92, '2021-01-11', 73, 6),
    (33412.17, '2020-02-05', 79, 3),
    (27275.0, '2018-01-10', 3, 6),
    (12854.09, '2019-09-01', 64, 6),
    (26875.06, '2018-03-16', 60, 1),
    (37160.24, '2022-08-02', 40, 5),
    (21520.44, '2019-05-21', 6, 1),
    (39161.79, '2019-10-12', 100, 7),
    (21195.92, '2020-07-23', 17, 2),
    (24466.45, '2018-08-03', 64, 3),
    (5466.27, '2017-12-23', 36, 7),
    (14409.88, '2022-08-30', 58, 4),
    (30722.22, '2018-02-24', 56, 5),
    (39730.78, '2019-04-05', 26, 2),
    (48211.73, '2020-01-06', 67, 2),
    (42173.2, '2019-11-20', 62, 2),
    (1381.07, '2021-08-03', 37, 4),
    (25204.89, '2021-05-03', 96, 3),
    (36347.14, '2021-05-26', 73, 7),
    (21260.01, '2021-12-08', 18, 3),
    (19360.37, '2021-07-11', 89, 3),
    (47346.26, '2021-09-02', 57, 6),
    (41411.46, '2018-10-03', 6, 4),
    (18252.32, '2021-10-05', 90, 5),
    (28139.19, '2021-07-28', 96, 2),
    (33837.9, '2021-07-29', 87, 1),
    (21906.03, '2021-05-26', 18, 4),
    (41561.98, '2022-04-10', 5, 5),
    (39160.31, '2020-06-11', 94, 5),
    (46845.9, '2019-06-11', 90, 5),
    (29576.91, '2019-02-17', 69, 6),
    (10154.69, '2021-10-21', 30, 2),
    (20079.09, '2021-09-01', 58, 4),
    (32480.35, '2022-01-01', 81, 1),
    (795.15, '2022-05-26', 27, 3),
    (21338.56, '2022-08-06', 67, 6),
    (48483.26, '2021-07-03', 7, 1),
    (17765.52, '2021-09-13', 17, 7),
    (24539.34, '2017-12-20', 75, 4),
    (49929.32, '2021-04-17', 35, 5),
    (32174.07, '2020-10-31', 68, 4),
    (21894.12, '2017-10-22', 40, 5),
    (48176.6, '2021-10-21', 60, 4),
    (23937.87, '2021-11-20', 84, 5),
    (45793.88, '2022-06-01', 2, 5),
    (18466.19, '2019-03-22', 71, 5),
    (28655.99, '2022-05-08', 83, 1),
    (29093.37, '2022-02-19', 41, 6),
    (2915.53, '2017-10-30', 10, 3),
    (27640.64, '2019-03-04', 94, 4),
    (30748.32, '2022-04-06', 62, 4),
    (15788.93, '2019-02-13', 69, 3),
    (25824.28, '2020-07-25', 46, 4),
    (19557.42, '2020-06-02', 96, 1),
    (31805.88, '2017-11-29', 43, 7),
    (10746.0, '2021-12-05', 26, 1),
    (5874.44, '2022-03-22', 95, 6),
    (24460.54, '2020-03-09', 56, 7),
    (34155.59, '2018-10-22', 5, 5),
    (32341.38, '2021-07-23', 70, 3),
    (14062.92, '2020-11-14', 51, 2),
    (12814.47, '2020-02-11', 99, 5),
    (3501.01, '2021-06-22', 95, 7),
    (44387.8, '2021-05-19', 37, 3),
    (12487.89, '2018-01-05', 25, 4),
    (46932.05, '2022-01-28', 56, 4),
    (8842.11, '2022-03-20', 65, 6),
    (36474.79, '2020-09-10', 35, 6),
    (17938.48, '2021-02-08', 64, 2),
    (4218.15, '2018-07-05', 16, 7),
    (9820.12, '2020-09-15', 85, 1),
    (9040.41, '2019-04-07', 99, 2),
    (33177.37, '2020-09-15', 16, 4),
    (27805.52, '2019-06-30', 32, 1),
    (14405.96, '2020-06-27', 11, 1),
    (30794.43, '2020-11-07', 95, 3),
    (31235.28, '2018-02-26', 33, 7),
    (34670.53, '2018-09-18', 16, 4),
    (27020.43, '2022-02-23', 19, 6),
    (18262.73, '2020-01-02', 49, 4),
    (49472.98, '2022-06-13', 79, 5),
    (27910.59, '2022-08-28', 30, 6),
    (31307.29, '2021-02-16', 70, 2),
    (28423.55, '2022-07-21', 34, 2),
    (3583.08, '2020-12-24', 89, 5),
    (37101.65, '2022-02-18', 89, 1),
    (30463.84, '2021-10-31', 47, 5),
    (10144.78, '2018-07-16', 23, 2),
    (9595.22, '2021-01-20', 74, 7),
    (41187.55, '2021-01-19', 84, 7),
    (32127.6, '2021-03-22', 22, 3),
    (612.69, '2018-06-03', 35, 1),
    (6547.21, '2021-01-22', 79, 5),
    (9282.3, '2020-09-20', 63, 6),
    (34517.88, '2019-02-08', 4, 3),
    (43453.03, '2021-01-11', 40, 3),
    (19912.37, '2017-10-19', 20, 5),
    (22857.86, '2021-07-17', 27, 7),
    (26523.27, '2018-04-29', 40, 1),
    (49499.29, '2019-01-24', 66, 6),
    (40592.01, '2017-10-03', 87, 1),
    (4954.69, '2022-06-30', 51, 4),
    (12755.48, '2020-11-10', 35, 4),
    (18468.86, '2021-07-01', 16, 7),
    (2845.55, '2020-04-15', 8, 7),
    (27390.84, '2022-01-15', 11, 3),
    (14044.98, '2021-12-17', 62, 7),
    (47581.96, '2018-08-05', 49, 6),
    (20450.4, '2020-01-20', 76, 2),
    (15550.05, '2022-06-18', 22, 5),
    (10388.3, '2018-11-19', 95, 3),
    (808.67, '2018-12-29', 18, 4),
    (32207.8, '2022-02-21', 83, 3),
    (26065.58, '2022-02-23', 41, 5),
    (33133.71, '2022-05-28', 92, 2),
    (5434.08, '2019-11-13', 56, 5),
    (4938.71, '2022-02-07', 25, 2),
    (12634.0, '2020-04-07', 16, 7),
    (12302.82, '2018-06-04', 52, 3),
    (49117.08, '2021-01-25', 84, 7),
    (7158.84, '2019-10-10', 60, 7),
    (37886.81, '2018-02-07', 58, 5),
    (25794.56, '2019-01-21', 79, 5),
    (47507.1, '2021-06-01', 86, 3),
    (32558.21, '2021-05-29', 88, 1),
    (1855.66, '2018-10-21', 86, 6),
    (30994.3, '2020-04-28', 69, 7),
    (26255.12, '2021-11-18', 31, 7),
    (6657.65, '2021-03-26', 66, 6),
    (29245.89, '2022-08-06', 28, 3),
    (30568.07, '2022-08-28', 33, 2),
    (10736.76, '2021-06-23', 67, 6),
    (23020.19, '2018-04-10', 10, 7),
    (38724.88, '2019-07-27', 92, 2),
    (26371.05, '2022-06-17', 10, 7),
    (10309.6, '2022-06-30', 17, 1),
    (44310.13, '2021-05-11', 21, 3),
    (3023.1, '2022-05-28', 32, 6),
    (30607.01, '2019-11-30', 48, 6),
    (17721.0, '2019-11-29', 61, 7),
    (18148.17, '2022-07-15', 23, 1),
    (40658.03, '2018-06-16', 79, 6),
    (2478.41, '2021-02-07', 70, 5),
    (17209.68, '2021-01-30', 55, 7),
    (9284.48, '2020-10-21', 32, 5),
    (38221.81, '2021-02-26', 54, 6),
    (49683.71, '2019-08-25', 66, 4),
    (34529.3, '2020-02-09', 16, 2),
    (1043.45, '2018-04-30', 25, 6),
    (4853.2, '2018-11-29', 50, 1),
    (48475.53, '2022-02-08', 38, 7),
    (8723.63, '2018-03-02', 27, 2),
    (7187.09, '2020-05-17', 69, 5),
    (26963.88, '2022-06-06', 70, 6),
    (49868.17, '2018-11-20', 77, 1),
    (757.22, '2022-08-26', 63, 6),
    (9646.72, '2019-05-29', 71, 2),
    (17235.65, '2019-04-23', 90, 4),
    (22729.75, '2020-07-17', 39, 1),
    (3965.38, '2022-04-30', 45, 5),
    (9903.51, '2018-09-07', 77, 7),
    (3737.01, '2018-03-02', 7, 5),
    (4442.61, '2022-05-11', 41, 6),
    (35669.36, '2018-12-21', 44, 2),
    (44528.22, '2019-05-21', 90, 3),
    (13992.16, '2022-09-03', 63, 7),
    (14765.72, '2019-09-18', 100, 3),
    (41361.32, '2018-05-09', 22, 2),
    (20462.82, '2018-12-10', 100, 6),
    (17297.79, '2018-04-18', 9, 3),
    (45677.01, '2021-07-14', 74, 1),
    (46131.98, '2021-08-15', 12, 3),
    (13380.1, '2019-01-14', 89, 1),
    (31145.57, '2020-06-08', 61, 1),
    (18582.05, '2019-08-02', 24, 3),
    (9611.72, '2019-10-19', 59, 2),
    (38983.09, '2019-03-12', 84, 5),
    (45910.07, '2021-08-22', 77, 7),
    (35397.09, '2022-03-10', 84, 5),
    (14079.94, '2020-06-29', 45, 4),
    (24252.12, '2019-05-02', 48, 4),
    (9030.36, '2018-08-02', 65, 2),
    (13214.51, '2021-10-01', 41, 4),
    (6700.63, '2022-05-21', 100, 1),
    (27760.41, '2020-08-22', 57, 3),
    (28678.75, '2018-03-21', 42, 2),
    (45370.0, '2017-10-17', 66, 2),
    (48615.34, '2018-10-17', 92, 7),
    (10193.98, '2020-01-07', 57, 1),
    (41039.59, '2021-08-15', 56, 2),
    (28949.89, '2018-07-27', 37, 3),
    (42989.24, '2021-09-13', 22, 4),
    (47625.32, '2022-06-19', 65, 3),
    (30422.74, '2018-06-05', 65, 3),
    (2113.45, '2021-08-20', 5, 4),
    (6964.34, '2020-06-12', 39, 3),
    (32056.4, '2019-03-07', 91, 4),
    (43024.37, '2021-06-20', 79, 2),
    (40877.72, '2018-09-24', 45, 5),
    (21326.16, '2018-04-16', 12, 5),
    (209.47, '2021-02-23', 64, 4),
    (21653.99, '2021-02-09', 15, 6),
    (42260.22, '2020-04-17', 100, 7),
    (9074.07, '2018-08-28', 9, 5),
    (27030.18, '2019-09-23', 21, 6),
    (23333.53, '2020-12-17', 32, 1),
    (37388.76, '2022-03-29', 64, 6),
    (36200.88, '2018-02-11', 85, 5),
    (31143.61, '2020-06-30', 12, 4),
    (46339.53, '2020-05-09', 7, 1),
    (37965.17, '2018-04-14', 57, 1),
    (26944.87, '2019-01-12', 62, 5),
    (12054.07, '2020-03-16', 11, 5),
    (41758.88, '2021-07-04', 34, 5),
    (33754.69, '2018-06-16', 68, 5),
    (12629.26, '2018-05-19', 29, 1),
    (45375.88, '2019-08-15', 37, 7),
    (31043.8, '2019-07-05', 62, 7),
    (8622.2, '2019-04-08', 6, 4),
    (13668.12, '2020-01-06', 89, 2),
    (29315.43, '2019-06-21', 75, 3),
    (492.59, '2017-11-29', 49, 2),
    (35800.49, '2020-04-12', 24, 7),
    (11660.46, '2020-11-21', 22, 3),
    (38400.63, '2018-11-26', 27, 4),
    (34144.55, '2017-11-06', 35, 5),
    (46172.87, '2022-06-24', 23, 6),
    (29206.7, '2022-05-08', 48, 7),
    (22742.68, '2019-04-13', 21, 7),
    (31286.77, '2020-01-26', 27, 7),
    (45644.76, '2021-02-16', 21, 4),
    (29985.31, '2019-04-11', 53, 7),
    (13775.45, '2019-08-28', 68, 6),
    (8325.6, '2018-01-20', 24, 5),
    (4319.86, '2018-01-06', 42, 3),
    (35155.9, '2018-10-07', 32, 1),
    (1582.88, '2020-11-19', 81, 4),
    (43745.96, '2018-12-09', 10, 2),
    (25615.11, '2020-05-07', 65, 6),
    (44595.8, '2019-04-04', 66, 6),
    (21330.82, '2022-08-16', 8, 5),
    (39060.58, '2022-06-15', 36, 3),
    (49541.87, '2022-03-06', 19, 1),
    (13791.77, '2019-03-26', 58, 4),
    (12385.21, '2022-08-02', 31, 1),
    (831.97, '2020-09-15', 46, 1),
    (43753.31, '2019-11-15', 72, 6),
    (11211.41, '2019-10-05', 83, 4),
    (2681.94, '2017-10-09', 37, 6),
    (36999.88, '2020-10-03', 8, 4),
    (40247.21, '2020-01-29', 52, 1),
    (16959.89, '2021-04-06', 49, 3),
    (3640.49, '2022-08-10', 42, 6),
    (39464.57, '2018-05-29', 39, 7),
    (4095.48, '2018-09-01', 1, 2),
    (39172.5, '2019-06-28', 39, 3),
    (22892.76, '2022-07-07', 24, 3),
    (41742.25, '2017-12-22', 52, 4),
    (45278.05, '2018-01-19', 89, 6),
    (29678.76, '2019-05-23', 7, 2),
    (32805.77, '2019-01-10', 29, 4),
    (10026.39, '2019-10-11', 60, 6),
    (14104.6, '2018-08-30', 96, 7),
    (11472.7, '2017-10-06', 69, 1),
    (35708.74, '2021-04-05', 57, 6),
    (6188.14, '2021-11-25', 65, 1),
    (36495.6, '2020-01-06', 48, 6),
    (28165.98, '2021-05-18', 80, 4),
    (44902.79, '2021-11-23', 65, 1),
    (47142.09, '2020-12-26', 41, 5),
    (25159.87, '2021-10-14', 44, 1),
    (2368.32, '2022-02-13', 26, 5),
    (11075.12, '2021-05-29', 54, 2),
    (21567.11, '2020-03-08', 37, 1),
    (10808.49, '2021-08-11', 58, 4),
    (5116.21, '2018-11-02', 83, 2),
    (32009.91, '2019-01-19', 27, 7),
    (2011.44, '2022-08-08', 35, 6),
    (47743.06, '2018-07-19', 40, 5),
    (32712.81, '2019-06-28', 34, 7),
    (39275.85, '2022-03-28', 68, 2),
    (45870.41, '2019-04-03', 67, 3),
    (27125.45, '2019-05-25', 28, 5),
    (41012.31, '2018-03-28', 69, 3),
    (29484.44, '2020-04-07', 25, 3),
    (7335.02, '2020-08-17', 62, 7),
    (1982.44, '2020-08-31', 65, 6),
    (29803.56, '2020-05-27', 94, 5),
    (15447.03, '2022-08-18', 89, 7),
    (36889.32, '2019-03-10', 22, 1),
    (40118.24, '2018-08-30', 62, 6),
    (25608.53, '2019-03-07', 39, 1),
    (37263.44, '2021-12-14', 2, 7),
    (23267.01, '2018-04-28', 80, 6),
    (24895.19, '2020-06-22', 76, 1),
    (11615.63, '2022-06-05', 96, 5),
    (9897.68, '2020-05-07', 34, 3),
    (43410.77, '2022-07-04', 89, 1),
    (30372.12, '2022-07-28', 21, 2),
    (44147.27, '2019-12-20', 60, 6),
    (49622.06, '2018-12-01', 18, 6),
    (49745.98, '2021-01-06', 85, 3),
    (39690.86, '2020-02-13', 31, 5),
    (36122.93, '2019-07-11', 40, 6),
    (4038.87, '2020-12-14', 49, 4),
    (46181.06, '2017-09-14', 33, 3),
    (28611.81, '2021-03-25', 12, 2),
    (47211.17, '2022-06-30', 96, 4),
    (35538.01, '2020-09-13', 31, 4),
    (13102.34, '2018-08-25', 61, 7),
    (46141.15, '2020-06-27', 22, 7),
    (18070.76, '2020-08-05', 19, 1),
    (1054.99, '2020-02-05', 42, 6),
    (42852.87, '2021-06-28', 6, 1),
    (47429.12, '2018-04-17', 58, 7),
    (29717.79, '2020-09-01', 69, 6),
    (38918.84, '2019-03-29', 73, 4),
    (2441.61, '2020-12-30', 99, 1),
    (10858.02, '2019-05-19', 36, 4),
    (44942.53, '2017-09-28', 25, 7),
    (31342.79, '2019-03-13', 34, 7),
    (18253.4, '2021-03-04', 89, 2),
    (13325.36, '2022-05-25', 61, 3),
    (30215.14, '2021-07-16', 38, 2),
    (43097.61, '2020-01-09', 28, 1),
    (12005.49, '2021-08-08', 73, 2),
    (2810.23, '2019-04-13', 76, 4),
    (32732.47, '2021-12-27', 29, 6),
    (45467.82, '2020-07-02', 84, 7),
    (27297.26, '2020-04-28', 16, 1),
    (8412.37, '2019-11-04', 84, 6),
    (6961.0, '2019-01-25', 36, 2),
    (38561.7, '2017-10-29', 13, 5),
    (5536.3, '2020-07-27', 47, 5),
    (40332.08, '2019-08-16', 15, 4),
    (3672.15, '2020-09-08', 32, 3),
    (16947.12, '2019-10-23', 53, 5),
    (19225.08, '2019-03-09', 74, 1),
    (5399.15, '2018-09-28', 96, 4),
    (719.53, '2022-02-17', 81, 7),
    (35319.1, '2022-07-03', 14, 3),
    (3573.24, '2017-12-04', 75, 2),
    (36910.44, '2022-09-11', 8, 4),
    (17195.91, '2021-08-31', 32, 6),
    (9689.43, '2018-04-23', 96, 7),
    (27738.3, '2021-12-02', 99, 5),
    (15903.22, '2020-03-27', 51, 3),
    (6080.33, '2020-11-18', 100, 6),
    (32678.46, '2020-12-13', 67, 3),
    (6340.61, '2017-10-27', 45, 4),
    (45474.96, '2020-02-20', 97, 3),
    (2166.42, '2022-06-21', 83, 3),
    (21620.08, '2021-08-29', 81, 1),
    (47229.68, '2021-01-20', 78, 1),
    (32388.69, '2017-10-24', 88, 5),
    (49757.77, '2018-12-12', 68, 1),
    (11653.41, '2019-11-09', 52, 3),
    (35557.44, '2021-07-14', 95, 6),
    (48989.45, '2018-09-22', 83, 6),
    (40858.88, '2018-09-19', 61, 2),
    (6594.1, '2018-07-27', 47, 7),
    (17473.1, '2020-04-30', 65, 5),
    (25154.44, '2017-11-11', 100, 7),
    (3134.61, '2021-03-07', 48, 1),
    (17453.55, '2020-09-01', 33, 6),
    (28288.42, '2018-03-15', 59, 2),
    (44558.35, '2020-10-11', 84, 3),
    (8606.74, '2020-03-12',18, 3),
    (38771.76, '2021-06-23', 46, 5),
    (16674.69, '2021-10-19', 84, 2),
    (6870.49, '2018-12-12', 71, 1),
    (20125.04, '2018-01-04', 50, 3),
    (1358.38, '2019-11-12', 6, 5),
    (21158.43, '2018-07-28', 62, 5),
    (38801.85, '2017-11-20', 56, 4),
    (475.33, '2021-12-14', 12, 1),
    (25980.88, '2019-11-23', 3, 2),
    (29989.26, '2021-03-18', 60, 7);    

-- COMPRAS
INSERT INTO Compras (montoTotal,fecha,idProveedor,idAlmacen)
VALUES 
	(5584.5, '2017-10-02', 9, 1),
    (73572.45, '2018-07-20', 13, 1),
    (26241.04, '2022-04-22', 4, 7),
    (86183.34, '2022-02-25', 3, 4),
    (4220.54, '2018-07-31', 11, 6),
    (50624.3, '2018-08-20', 8, 1),
    (96532.03, '2019-07-08', 7, 2),
    (11856.14, '2018-11-16', 5, 3),
    (60928.75, '2020-07-23', 1, 1),
    (19764.53, '2018-12-24', 11, 1),
    (19780.24, '2019-02-15', 12, 3),
    (29339.64, '2022-07-27', 11, 1),
    (67258.62, '2021-11-15', 3, 3),
    (97451.16, '2019-07-02', 4, 1),
    (39673.18, '2018-09-13', 1, 3),
    (109031.04, '2018-05-20', 9, 4),
    (83084.39, '2020-03-21', 11, 7),
    (19949.78, '2018-05-02', 4, 5),
    (24627.61, '2018-12-08', 13, 1),
    (20621.75, '2021-03-09', 2, 2),
    (64671.73, '2021-02-08', 11, 6),
    (118172.01, '2018-03-18', 7, 7),
    (84603.7, '2019-05-19', 9, 6),
    (110909.31, '2020-07-10', 3, 6),
    (93909.53, '2020-12-26', 5, 2),
    (65789.24, '2020-06-10', 7, 3),
    (20676.9, '2020-06-14', 10, 7),
    (74449.49, '2021-03-07', 12, 6),
    (32000.42, '2018-11-25', 9, 3),
    (49314.83, '2019-12-23', 1, 7),
    (48587.21, '2019-08-25', 1, 7),
    (6395.02, '2020-11-28', 1, 1),
    (61338.23, '2020-10-20', 13, 4),
    (72435.45, '2020-02-23', 6, 1),
    (116638.69, '2019-12-08', 10, 1),
    (16349.92, '2019-12-07', 6, 1),
    (4214.93, '2021-09-07', 7, 5),
    (85458.91, '2018-05-12', 8, 5),
    (21753.64, '2020-12-19', 6, 2),
    (79578.45, '2020-02-20', 12, 6),
    (85434.54, '2020-03-25', 10, 6),
    (30346.32, '2018-01-08', 7, 6),
    (119098.62, '2021-11-01', 1, 5),
    (96037.49, '2021-12-23', 3, 1),
    (19482.49, '2022-05-16', 8, 1),
    (102208.42, '2019-07-27', 12, 3),
    (100551.34, '2019-09-06', 6, 1),
    (35296.05, '2017-10-19', 3, 1),
    (21097.52, '2019-12-06', 11, 1),
    (85179.76, '2021-09-01', 11, 7),
    (17740.05, '2018-03-18', 8, 5),
    (42294.76, '2018-06-07', 11, 2),
    (81275.17, '2021-04-13', 4, 6),
    (3666.05, '2020-07-21', 5, 4),
    (11587.71, '2018-07-11', 8, 6),
    (43993.31, '2022-07-25', 13, 5),
    (65404.28, '2021-12-29', 9, 7),
    (51039.93, '2022-03-16', 9, 5),
    (68750.65, '2022-03-01', 3, 1),
    (39666.71, '2022-05-10', 10, 2),
    (25710.84, '2021-10-24', 13, 3),
    (98437.84, '2018-04-23', 12, 1),
    (105137.0, '2018-12-24', 3, 7),
    (37535.28, '2018-09-04', 1, 7),
    (65520.18, '2019-12-29', 4, 6),
    (23993.76, '2019-08-08', 2, 7),
    (113891.69, '2018-08-25', 7, 3),
    (40330.05, '2018-11-16', 9, 2),
    (109721.31, '2019-10-06', 6, 7),
    (60490.17, '2020-10-24', 7, 3),
    (55055.15, '2019-06-13', 4, 5),
    (25393.92, '2018-12-26', 9, 1),
    (35003.4, '2022-02-02', 11, 3),
    (85487.22, '2021-08-31', 1, 3),
    (2185.51, '2020-05-20', 11, 6),
    (50372.9, '2017-10-11', 13, 3),
    (57823.89, '2019-05-04', 12, 7),
    (92978.64, '2021-05-11', 13, 7),
    (49336.87, '2021-08-19', 7, 2),
    (108729.55, '2019-07-18', 11, 6),
    (103192.79, '2022-04-27', 8, 1),
    (58470.94, '2022-05-10', 11, 5),
    (90857.11, '2018-07-20', 5, 2),
    (60677.54, '2019-05-30', 5, 3),
    (26749.86, '2020-12-18', 3, 1),
    (46631.57, '2019-05-16', 6, 4),
    (29441.17, '2018-05-24', 8, 4),
    (98012.72, '2019-01-11', 10, 1),
    (41741.9, '2022-04-10', 12, 3),
    (38153.27, '2022-04-20', 11, 6),
    (95303.95, '2017-10-09', 9, 7),
    (69517.76, '2021-02-22', 1, 5),
    (116222.97, '2022-04-27', 5, 2),
    (20578.34, '2018-02-01', 1, 3),
    (112892.22, '2022-01-03', 11, 5),
    (109110.71, '2018-10-29', 8, 3),
    (85817.8, '2018-03-16', 6, 3),
    (108667.95, '2018-02-02', 1, 4),
    (5414.42, '2020-04-28', 2, 1),
    (51782.8, '2022-02-22', 3, 4),
    (99297.8, '2019-05-10', 5, 5),
    (66507.86, '2018-02-05', 11, 6),
    (56194.5, '2019-11-12', 12, 2),
    (98162.08, '2020-04-01', 3, 2),
    (35289.64, '2018-12-27', 1, 5),
    (113103.05, '2018-02-06', 5, 5),
    (41548.52, '2017-10-28', 4, 5),
    (94473.02, '2018-07-03', 1, 1),
    (118356.81, '2019-10-06', 2, 4),
    (115250.24, '2019-05-07', 1, 7),
    (17545.26, '2019-10-07', 8, 4),
    (24810.71, '2019-05-07', 2, 2),
    (63206.75, '2018-01-23', 2, 1),
    (116594.07, '2018-09-20', 7, 3),
    (94187.49, '2019-07-26', 7, 7),
    (47383.99, '2021-02-11', 2, 7),
    (18200.45, '2021-01-12', 2, 5),
    (30795.83, '2017-12-17', 12, 7),
    (55552.68, '2019-12-22', 10, 4),
    (6235.48, '2022-03-30', 9, 4),
    (94008.64, '2021-07-08', 4, 4),
    (17762.23, '2020-09-08', 6, 5),
    (102860.19, '2020-06-13', 10, 1),
    (28741.36, '2018-11-05', 11, 5),
    (58055.3, '2021-04-25', 9, 5),
    (110340.18, '2018-01-05', 5, 3),
    (70147.42, '2020-10-07', 3, 4),
    (44271.68, '2019-04-23', 11, 2),
    (5982.97, '2018-11-28', 3, 4),
    (82329.01, '2022-01-21', 7, 5),
    (20807.0, '2019-12-09', 8, 6),
    (100204.34, '2021-11-19', 9, 3),
    (20969.53, '2020-06-15', 11, 6),
    (42824.08, '2019-10-10', 4, 6),
    (78831.35, '2018-04-04', 12, 1),
    (25944.96, '2020-12-27', 6, 3),
    (82608.87, '2019-10-08', 9, 5),
    (55537.98, '2021-10-07', 11, 2),
    (117504.54, '2022-03-01', 11, 5),
    (51850.03, '2021-04-27', 6, 4),
    (107802.25, '2019-09-26', 12, 4),
    (98516.86, '2018-04-10', 3, 1),
    (53202.77, '2019-08-09', 10, 6),
    (23913.54, '2022-01-09', 7, 2),
    (52970.45, '2018-11-12', 3, 2),
    (36124.98, '2021-10-18', 1, 4),
    (98783.71, '2020-04-04', 1, 7),
    (17786.15, '2020-01-13', 9, 4),
    (84304.69, '2018-09-14', 6, 6),
    (6793.39, '2020-07-16', 9, 4),
    (39846.37, '2018-02-05', 12, 6),
    (93810.7, '2022-01-23', 4, 6),
    (28161.75, '2020-06-14', 6, 2),
    (47728.28, '2022-01-26', 3, 4),
    (60805.42, '2020-11-23', 11, 4),
    (46701.65, '2019-11-23', 11, 5),
    (17499.76, '2021-09-26', 1, 5),
    (56351.02, '2021-05-21', 8, 1),
    (10210.45, '2022-01-30', 8, 6),
    (28689.78, '2021-09-03', 13, 4),
    (115309.81, '2019-06-09', 12, 4),
    (100472.22, '2019-11-14', 2, 3),
    (6750.94, '2021-08-12', 13, 4),
    (36640.52, '2019-01-22', 9, 7),
    (48373.53, '2022-04-25', 12, 1),
    (83136.82, '2018-04-03', 10, 1),
    (85311.52, '2021-05-30', 11, 7),
    (105123.46, '2022-07-19', 11, 7),
    (63134.1, '2020-10-13', 5, 4),
    (102553.82, '2019-02-04', 3, 2),
    (75565.92, '2019-05-16', 11, 5),
    (56506.32, '2019-07-18', 10, 3),
    (67081.16, '2018-10-04', 10, 4),
    (11328.8, '2018-03-15', 5, 2),
    (75679.8, '2018-11-07', 7, 1),
    (49567.42, '2019-10-01', 6, 1),
    (6190.76, '2020-10-20', 3, 5),
    (10863.52, '2017-12-24', 11, 2),
    (82256.84, '2020-07-27', 8, 2),
    (106824.44, '2021-07-03', 13, 7),
    (4536.69, '2019-06-20', 4, 1),
    (105911.79, '2021-06-25', 1, 2),
    (115514.51, '2020-12-13', 11, 3),
    (37316.73, '2018-10-11', 7, 6),
    (46480.17, '2022-04-20', 8, 4),
    (19418.9, '2019-12-10', 1, 3),
    (77944.17, '2022-04-04', 1, 4),
    (41638.05, '2019-01-03', 3, 7),
    (11151.65, '2021-12-05', 12, 4),
    (51323.51, '2020-01-09', 7, 1),
    (85340.29, '2020-06-29', 10, 5),
    (26092.1, '2021-08-09', 13, 4),
    (24691.59, '2018-03-17', 3, 3),
    (106185.75, '2018-08-08', 7, 7),
    (62483.61, '2021-10-20', 7, 5),
    (108557.7, '2020-11-17', 2, 2),
    (56495.79, '2018-09-09', 12, 1),
    (50901.28, '2021-04-24', 10, 4),
    (34806.79, '2021-02-10', 7, 2),
    (79481.24, '2022-01-01', 2, 2),
    (70458.43, '2021-06-30', 10, 4),
    (75052.08, '2018-02-26', 13, 6),
    (20251.17, '2020-03-09', 1, 6),
    (93090.76, '2022-02-03', 3, 4),
    (27718.31, '2018-08-19', 4, 6),
    (83896.45, '2019-06-12', 7, 7),
    (15607.94, '2020-03-27', 9, 1),
    (67279.07, '2021-02-12', 5, 6),
    (39468.87, '2022-07-11', 12, 4),
    (33129.66, '2018-08-03', 12, 4),
    (12677.72, '2018-09-15', 2, 4),
    (8225.79, '2020-07-24', 9, 1),
    (16054.88, '2020-03-27', 5, 4),
    (68810.11, '2019-12-28', 12, 1),
    (16182.15, '2021-03-17', 12, 6),
    (33125.5, '2020-02-28', 4, 4),
    (28015.4, '2018-03-31', 10, 7),
    (27774.31, '2020-10-03', 13, 5),
    (36192.49, '2021-02-19', 3, 6),
    (108097.64, '2022-02-26', 4, 1),
    (97742.01, '2018-03-25', 11, 4),
    (98487.98, '2022-06-08', 3, 2),
    (117394.41, '2019-11-18', 12, 4),
    (89703.15, '2022-02-20', 13, 3),
    (100785.78, '2019-07-31', 6, 1),
    (23538.21, '2018-08-09', 6, 1),
    (33829.84, '2018-02-13', 9, 7),
    (85401.64, '2021-11-21', 2, 3),
    (5213.84, '2017-12-24', 11, 4),
    (92633.52, '2021-09-12', 8, 2),
    (33639.78, '2019-01-12', 4, 6),
    (66380.8, '2018-10-15', 6, 6),
    (107685.19, '2022-08-27', 11, 3),
    (38894.95, '2021-10-24', 7, 7),
    (76463.24, '2021-01-21', 9, 3),
    (62566.25, '2018-07-24', 5, 6),
    (86261.27, '2017-09-27', 1, 5),
    (75448.3, '2018-12-30', 4, 5),
    (74015.18, '2022-01-02', 5, 5),
    (60813.19, '2021-02-22', 9, 6),
    (87353.28, '2020-11-29', 5, 7),
    (101298.03, '2019-05-24', 12, 2),
    (38501.49, '2020-02-19', 12, 1),
    (32435.03, '2019-07-30', 13, 1),
    (35273.65, '2022-08-22', 10, 1),
    (111822.5, '2020-06-29', 12, 3),
    (72941.19, '2021-08-26', 6, 4),
    (19475.06, '2020-02-03', 2, 3),
    (27764.37, '2019-08-19', 3, 1),
    (87685.49, '2018-01-25', 13, 3),
    (4865.37, '2022-05-18', 9, 2),
    (96549.68, '2019-11-30', 2, 6),
    (103156.91, '2017-10-22', 12, 6),
    (53139.29, '2021-07-07', 11, 3),
    (21568.18, '2018-04-10', 1, 2),
    (68431.87, '2022-05-30', 11, 3),
    (2897.5, '2022-07-02', 2, 1),
    (58751.31, '2020-12-05', 13, 6),
    (62955.57, '2021-10-14', 2, 4),
    (8093.49, '2019-11-16', 10, 1),
    (92778.31, '2017-12-08', 3, 1),
    (83107.96, '2019-01-11', 2, 1),
    (110718.82, '2022-02-12', 3, 2),
    (101129.4, '2020-11-16', 11, 1),
    (107445.47, '2020-01-03', 12, 3),
    (17940.59, '2020-12-19', 8, 5),
    (98085.37, '2020-10-26', 5, 4),
    (90626.99, '2022-03-22', 7, 1),
    (39040.02, '2021-05-28', 3, 5),
    (98430.53, '2018-08-04', 1, 5),
    (115901.16, '2021-12-28', 1, 5),
    (93887.95, '2022-07-10', 9, 5),
    (97262.1, '2020-09-05', 3, 3),
    (72990.35, '2020-08-22', 12, 7),
    (2291.75, '2019-05-15', 5, 1),
    (62729.69, '2018-03-16', 7, 4),
    (87046.17, '2021-06-24', 4, 7),
    (81298.74, '2019-08-01', 3, 2),
    (43791.44, '2019-02-13', 12, 3),
    (12347.16, '2019-07-11', 9, 5),
    (80875.27, '2022-09-03', 7, 6),
    (25662.38, '2020-05-30', 4, 2),
    (115090.13, '2021-02-10', 9, 4),
    (57991.99, '2020-05-01', 3, 4),
    (35302.83, '2020-02-14', 1, 3),
    (53748.41, '2020-07-28', 11, 2),
    (74475.6, '2020-08-30', 4, 7),
    (101268.19, '2022-05-17', 8, 5),
    (108145.53, '2017-11-13', 6, 4),
    (86651.35, '2021-02-14', 4, 2),
    (2061.8, '2022-07-27', 3, 6),
    (69420.85, '2019-09-15', 11, 7),
    (87186.07, '2020-06-02', 1, 4),
    (78152.99, '2021-05-17', 4, 5),
    (106654.85, '2019-02-14', 12, 4),
    (108156.19, '2018-01-22', 5, 2),
    (79658.52, '2018-09-27', 4, 1),
    (48995.03, '2021-01-09', 13, 1),
    (29052.55, '2021-07-16', 12, 6),
    (92207.68, '2021-02-16', 9, 4),
    (62757.45, '2021-06-23', 2, 6),
    (88712.52, '2019-02-13', 10, 6),
    (40603.85, '2017-09-25', 11, 5),
    (31659.71, '2021-09-15', 12, 6),
    (7291.17, '2021-07-24', 1, 4),
    (12892.57, '2021-02-27', 2, 7),
    (100956.12, '2021-01-03', 10, 1),
    (102557.23, '2021-06-15', 5, 4),
    (29735.72, '2021-09-20', 6, 6),
    (12354.61, '2021-01-10', 13, 6),
    (30823.36, '2022-07-19', 2, 6),
    (34338.19, '2021-04-11', 4, 7),
    (104202.69, '2019-02-27', 10, 7),
    (61801.25, '2018-01-25', 12, 6),
    (118534.72, '2019-07-13', 2, 7),
    (65967.99, '2019-07-05', 13, 2),
    (94532.9, '2020-07-05', 12, 2),
    (8581.38, '2018-07-04', 9, 4),
    (55112.68, '2018-01-20', 12, 1),
    (28281.84, '2021-02-26', 1, 1),
    (3350.73, '2021-11-08', 11, 1),
    (89846.66, '2019-03-15', 5, 2),
    (12874.24, '2018-07-21', 3, 5),
    (39898.28, '2018-11-11', 1, 4),
    (49680.59, '2020-12-06', 6, 3),
    (39901.08, '2021-06-30', 9, 1),
    (10207.19, '2020-02-03', 5, 3),
    (75765.51, '2019-01-07', 8, 2),
    (109617.98, '2019-05-06', 2, 5),
    (97220.15, '2020-04-24', 13, 1),
    (34275.25, '2021-06-09', 4, 3),
    (6498.65, '2017-12-02', 3, 6),
    (31262.24, '2021-09-28', 12, 2),
    (22896.66, '2020-05-13', 4, 2),
    (106104.96, '2019-11-24', 3, 2),
    (37097.69, '2020-01-01', 6, 4),
    (89610.39, '2020-11-20', 4, 6),
    (81801.11, '2020-05-18', 3, 2),
    (64925.63, '2020-04-20', 2, 6),
    (99264.77, '2018-09-09', 11, 3),
    (44173.77, '2022-08-15', 6, 5),
    (62198.83, '2018-04-06', 3, 6),
    (86203.74, '2018-12-03', 8, 4),
    (37971.62, '2022-02-26', 5, 1),
    (41141.99, '2017-11-29', 12, 3),
    (33167.25, '2021-01-22', 7, 4),
    (92809.01, '2017-11-18', 11, 7),
    (47414.04, '2021-10-05', 8, 6),
    (37708.63, '2018-12-03', 2, 3),
    (4396.41, '2017-10-02', 13, 4),
    (91083.62, '2019-11-12', 1, 4),
    (60152.3, '2020-04-15', 4, 5),
    (15815.8, '2018-03-23', 13, 3),
    (113632.92, '2018-01-25', 12, 7),
    (14870.54, '2018-03-20', 8, 5),
    (105727.83, '2018-01-18', 2, 1),
    (4061.2, '2019-03-01', 6, 2),
    (51864.02, '2021-09-04', 11, 5),
    (17907.01, '2018-02-21', 12, 4),
    (118323.86, '2021-10-12', 6, 7),
    (41557.54, '2022-06-09', 6, 6),
    (107654.74, '2020-03-17', 4, 5),
    (108766.51, '2020-06-12', 12, 2),
    (2763.21, '2021-01-28', 4, 1),
    (5673.71, '2021-01-27', 11, 4),
    (49339.1, '2019-07-09', 10, 3),
    (108264.13, '2022-04-13', 12, 3),
    (10870.09, '2020-10-11', 13, 2),
    (78092.09, '2021-04-09', 7, 4),
    (47567.67, '2019-08-31', 13, 6);
    
 -- ITEMVENTAS 
 INSERT INTO ItemVentas (cantidad,precioUnidad,idVenta,idArticulo)
 VALUES 
	(7,1705.51,335,44),
    (1,3664.92,31,75),
	(1,3152.69,205,38),
    (13,1732.1,143,82),
    (4,783.66,49,83),
    (8,4869.79,132,8),
    (6,499.9,15,78),
    (15,643.59,53,88),
    (12,3234.65,35,95),
    (10,4874.71,331,89),
    (6,1799.43,210,15),
    (13,2174.02,148,50),
    (6,2689.61,348,25),
    (5,43.49,42,12),
    (15,1141.85,203,31),
    (6,743.87,135,2),
    (3,1293.6,232,25),
    (14,997.79,211,64),
    (15,425.94,190,86),
    (15,4744.67,147,4),
    (6,3337.01,304,96),
	(3,3795.12,308,61),
    (2,1283.8,298,39),
    (7,4525.4,42,47),
    (13,2994.19,334,91),
    (14,2522.0,292,32),
    (8,4719.16,76,12),
    (7,1498.13,229,98),
    (15,2971.91,139,54),
    (6,4449.16,205,24),
    (6,843.32,43,4),
    (5,2202.24,322,17),
    (10,320.22,185,65),
    (14,2883.22,70,56),
    (1,786.34,298,49),
    (13,2455.29,322,14),
    (1,1455.53,83,44),
    (5,4861.05,31,64),
    (7,3900.61,273,58),
    (4,963.08,1,36),
    (11,2800.77,306,45),
    (14,247.2,89,25),
    (15,1238.56,320,20),
    (1,4385.57,327,88),
    (5,3250.27,218,85),
    (10,1401.39,208,69),
    (4,4957.0,22,79),
    (7,2272.64,162,17),
    (10,1634.87,324,8),
    (11,2211.28,318,75),
	(4,1309.42,10,5),
    (5,185.06,50,57),
    (5,2978.64,214,2),
    (14,3361.35,257,84),
    (5,912.47,175,81),
    (14,3081.78,9,42),
    (7,1495.87,64,5),
    (10,2471.25,253,28),
	(7,4305.25,303,17),
    (2,3038.87,159,24),
    (15,3572.64,182,82),
    (11,2888.14,98,60),
    (6,1188.41,160,44),
    (2,3223.86,199,80),
    (1,419.57,71,88),
    (15,179.66,258,68),
    (12,839.56,11,61),
    (3,4969.58,193,69),
	(8,4550.56,18,47),
    (10,747.27,44,81),
    (1,2048.46,93,25),
    (13,1193.69,295,21),
    (8,1245.76,344,5),
    (8,2400.13,155,79),
    (7,2903.41,343,39),
    (5,4763.88,312,22),
    (9,1776.26,152,21),
	(15,4318.18,216,53),
    (4,789.36,202,73),
    (11,691.81,95,39),
    (1,3501.41,312,26),
    (13,1344.03,194,69),
    (3,145.06,104,2),
    (5,3574.66,146,92),
    (9,4799.95,203,61),
    (13,2800.03,316,79),
    (10,3831.7,290,77),
    (7,1586.0,255,47),
    (8,2058.5,214,22),
    (10,2682.39,45,93),
    (14,2837.66,168,22),
    (9,3457.02,316,69),
    (2,3015.53,140,86),
    (2,4475.15,342,80),
    (3,271.12,142,38),
    (3,3055.4,275,30),
    (9,4396.61,46,44),
    (11,2048.09,16,87),
    (1,4112.82,19,45),
    (12,78.49,113,70),
    (8,3708.91,224,78),
    (5,1650.23,258,49),
    (11,881.86,59,85),
    (12,4676.42,120,50),
    (4,4433.36,338,63),
    (3,4393.38,319,58),
    (4,3915.51,267,61),
	(10,1307.82,89,78),
    (8,27.92,205,91),
    (5,3751.85,14,60),
    (14,990.62,55,53),
    (7,1584.37,321,20),
    (10,4280.12,225,20),
    (6,912.28,170,45),
    (3,4846.17,5,41),
    (14,1555.35,207,83),
    (4,1670.33,339,59),
	(15,3261.48,48,51),
    (3,4608.11,115,47),
    (3,2624.38,313,68),
    (15,2308.79,291,54),
    (7,2976.76,310,98),
    (7,4413.56,97,91),
    (10,3771.88,202,53),
    (2,487.29,107,51),
    (8,1832.1,86,82),
    (14,3112.56,192,6),
    (5,3451.38,215,30),
	(15,2968.34,42,10),
    (15,2613.93,348,12),
    (3,1139.81,92,50),
    (13,810.15,59,13),
    (6,4231.58,314,6),
    (11,2674.74,285,27),
    (6,72.33,346,92),
    (4,1274.63,178,77),
    (9,488.24,168,78),
    (5,83.62,345,95),
    (2,2851.38,199,99),
    (9,4866.15,344,33),
    (5,4884.37,247,75),
    (7,2823.92,183,31),
    (6,738.05,144,55),
    (12,105.08,107,80),
    (15,2488.45,312,28),
    (4,1221.41,181,11),
    (5,869.35,92,5),
    (7,2921.24,321,97),
    (11,4517.28,119,49),
    (11,3127.51,53,24),
    (14,1986.89,204,70),
    (13,1249.61,259,35),
    (9,4873.36,215,94),
    (15,3433.57,230,43),
    (3,1678.26,122,10),
	(2,4182.99,136,36),
    (13,3493.31,65,36),
    (4,4721.16,276,4),
    (8,3539.94,9,49),
    (1,2440.82,10,95),
    (6,135.09,113,96),
    (1,370.94,330,6),
    (1,4745.66,166,93),
    (10,2067.3,320,14),
    (6,2859.87,148,67),
    (9,1121.42,261,57),
    (8,2885.6,97,17),
    (5,244.86,44,55),
    (13,1667.58,58,50),
    (12,3243.49,74,13),
    (10,515.59,38,65),
    (6,3255.24,212,90),
    (12,3347.1,219,74),
    (6,4766.07,212,82),
    (12,1645.25,128,78),
    (12,4622.96,301,39),
    (10,524.56,202,17),
    (9,2582.26,138,23),
    (15,3311.71,102,49),
    (13,4102.36,150,5),
    (4,4731.54,252,59),
    (13,4086.28,264,32),
    (15,3706.65,138,68),
    (2,3472.65,103,15),
    (11,872.31,150,46),
    (5,2777.39,224,2),
    (14,1154.63,338,95),
    (6,3168.52,226,46),
    (11,2181.64,112,11),
    (12,4562.6,280,10),
    (6,4192.77,110,71),
    (15,571.02,178,94),
	(2,2859.61,54,81),
    (8,3557.27,246,21),
    (13,2616.49,199,30),
    (1,251.46,206,39),
    (9,4614.79,61,60),
    (12,4233.74,330,31),
    (12,3252.31,124,29),
    (1,4757.5,81,73),
    (9,2826.7,336,18),
    (12,891.45,182,12),
    (15,1142.94,139,26),
    (7,4895.13,313,81),
    (6,1546.56,173,79),
	(3,1859.56,120,11),
    (10,3200.77,6,79),
    (9,4912.19,108,27),
    (2,4820.83,111,43),
    (2,4300.49,41,35),
    (11,1353.94,253,42),
    (13,4122.23,158,97),
    (3,2074.62,236,50),
    (4,1085.13,242,40),
    (13,275.67,100,67),
    (2,2047.64,24,61),
    (14,1284.02,13,35),
    (7,2255.58,316,4),
    (2,2558.16,257,39),
	(4,4586.73,213,22),
    (1,4927.21,310,63),
    (5,2995.42,241,12),
    (6,3063.43,317,90),
    (6,4503.0,218,93),
    (11,935.89,258,89),
    (9,2508.13,191,71),
    (2,4092.54,102,42),
    (2,4189.83,153,21),
    (11,3346.94,312,75),
    (9,150.4,327,16),
    (4,1647.56,80,43),
    (9,108.95,283,17),
    (13,614.35,8,25),
    (2,2414.76,142,43),
    (11,1401.47,97,85),
    (10,4021.02,135,74),
    (4,1853.16,20,24),
    (10,3888.99,185,56),
    (14,3825.9,162,1),
    (1,1681.23,98,59),
    (14,3785.1,335,88),
    (7,2206.45,67,31),
    (13,3145.99,165,87),
    (5,2063.93,170,2),
    (1,4228.76,258,69),
    (4,4654.71,209,11),
    (1,405.77,34,64),
    (2,2770.95,288,98),
    (4,547.25,217,89),
    (8,4177.88,3,72),
    (3,907.47,265,58),
    (3,3297.61,301,28),
    (4,639.19,249,24),
	(2,830.54,283,14),
    (4,2548.0,138,35),
    (12,4508.79,45,57),
    (3,1037.39,188,90),
    (8,2038.54,305,39),
    (6,3245.36,50,99),
    (8,4677.65,344,75),
    (7,2068.75,248,14),
    (6,3788.22,162,60),
    (3,2526.96,256,47),
    (12,2930.52,79,66),
	(5,4727.32,206,38),
    (2,893.77,271,21),
    (9,1910.03,32,96),
    (15,2594.36,59,3),
    (12,1741.88,100,22),
    (4,367.78,1,36),
    (2,1969.22,287,73),
    (2,2039.98,5,37),
    (9,1529.95,237,32),
    (3,2272.65,27,62),
    (13,2452.34,210,26),
    (1,3603.9,220,64),
	(11,4075.25,162,74),
    (6,1186.71,217,57),
    (9,3601.54,309,96),
    (4,3976.73,102,70),
    (6,2917.31,227,62),
    (4,295.05,14,70),
    (12,574.61,179,72),
    (1,1152.98,246,55),
    (11,2225.95,161,25),
    (15,4615.54,89,29),
    (4,4427.42,305,87),
    (14,4415.12,136,48),
    (12,1856.11,55,59),
	(8,2712.02,223,81),
    (4,608.65,146,19),
    (7,2115.47,44,86),
    (4,2097.45,126,95),
    (3,584.58,249,47),
    (2,3093.63,55,55),
    (2,1064.7,105,94),
    (3,1302.95,224,82),
    (10,294.11,257,59),
    (9,4124.83,209,10),
    (14,3812.57,314,16),
    (14,2334.58,251,33),
	(4,1251.21,160,60),
    (11,1223.51,75,78),
    (9,676.39,257,88),
    (2,1631.72,343,64),
    (14,3211.62,316,24),
    (14,3905.66,137,79),
    (7,1147.33,278,91),
    (15,1204.87,277,5),
    (3,90.71,260,47),
    (15,4501.66,50,7),
    (3,4937.61,1,6),
    (1,4674.87,148,39),
	(4,4766.49,131,21),
    (3,4120.09,159,80),
    (1,3705.89,177,41),
    (10,2143.4,233,86),
    (9,1820.11,163,98),
    (3,4385.43,226,38),
    (15,1293.14,302,54),
    (9,528.65,24,99),
    (7,323.49,216,48),
    (3,4924.48,103,43),
    (13,222.66,160,56),
    (6,2415.63,142,16),
    (14,1304.99,216,96),
	(1,2730.14,217,51),
    (4,3702.51,207,86),
    (9,4369.75,185,95),
    (6,4998.67,71,97),
    (6,4401.74,146,27),
    (15,2461.69,134,46),
    (1,402.87,169,10),
    (9,4897.41,122,98),
    (10,2136.77,233,43),
    (15,2474.75,75,96),
    (10,268.64,148,86),
    (9,1922.76,251,92),
	(1,1841.26,196,45),
    (9,4187.37,278,84),
    (3,794.89,285,83),
    (11,3414.7,244,3),
    (7,450.26,226,14),
    (7,1528.06,188,17),
    (10,4233.95,344,39),
    (10,4488.5,63,40),
    (5,1998.84,281,26),
    (8,2156.79,76,41),
    (15,2275.12,330,71),
    (15,4134.74,203,62),
    (10,4720.19,104,78),
	(8,2684.57,166,23),
    (7,4829.94,23,55),
    (7,3291.72,227,64),
    (8,2338.68,232,34),
    (5,1798.64,20,10),
    (3,4077.6,323,23),
    (5,1064.46,203,44),
    (4,460.29,139,22),
    (1,3758.45,221,21),
    (1,3783.7,277,90),
    (12,2181.4,293,21),
    (5,4737.38,190,50),
    (10,3526.71,322,94),
	(11,4585.14,221,12),
    (3,600.88,150,63),
    (3,1362.02,325,65),
    (12,1414.2,5,48),
    (9,4674.02,308,31),
    (11,190.83,221,72),
    (15,2152.14,168,70),
    (15,4380.54,109,99),
    (10,3542.86,189,59),
    (12,3691.1,252,78),
    (8,1071.75,227,52),
    (6,3646.0,330,36),
    (10,1706.85,312,94),
    (9,2098.31,287,50),
    (8,747.39,52,25),
    (2,276.46,166,11),
    (13,4552.59,191,50),
    (3,2822.63,310,2),
    (11,2275.65,301,7),
    (10,619.04,116,61),
    (2,2704.65,99,22),
    (3,4417.39,262,81),
	(10,928.21,242,81),
    (6,240.36,90,16),
    (10,2984.32,340,67),
    (10,2704.73,203,47),
    (4,1241.43,314,93),
    (3,190.44,97,36),
    (9,2058.46,110,48),
    (6,497.4,129,19),
    (13,3255.53,68,45),
    (8,1021.2,245,85),
    (10,3374.35,170,53),
    (8,3745.55,62,22),
    (15,2989.56,49,54),
    (4,1208.75,72,97),
	(3,4843.4,259,61),
    (4,4540.22,189,74),
    (9,4832.52,300,32),
    (9,2792.65,179,54),
    (5,204.8,204,1),
    (15,2729.26,336,45),
    (9,3219.79,200,78),
    (14,2329.25,167,71),
    (2,684.27,292,25),
    (2,1223.35,210,9),
    (13,270.9,38,82),
    (14,1902.99,290,96),
    (8,4305.17,100,99),
	(5,1691.36,326,84),
    (13,991.15,24,41),
    (1,4275.22,137,35),
    (6,3650.12,315,83),
    (9,1445.92,35,58),
    (2,3787.1,186,30),
    (3,3980.07,146,52),
    (14,798.12,107,97),
    (12,634.95,44,17),
    (9,938.81,260,38),
    (11,2490.37,244,80),
    (10,2684.67,346,74),
	(7,4006.91,71,27),
    (10,2587.8,347,33),
    (11,411.86,294,73),
    (8,593.12,227,12),
    (2,2915.1,322,91),
    (8,4412.75,306,34),
    (7,4419.33,125,69),
    (15,3995.76,261,6),
    (7,2891.92,297,90),
    (11,3994.38,324,25),
    (7,4542.23,233,85),
    (2,335.41,71,39),
    (8,4689.06,28,34),
	(2,1011.37,141,9),
    (1,4711.83,309,6),
    (12,3217.71,87,72),
    (14,3600.88,201,80),
    (5,794.02,82,84),
    (14,1687.93,101,38),
    (6,2250.29,117,80),
    (13,1088.68,297,64),
    (15,3173.44,295,79),
    (7,56.44,295,89),
    (11,524.9,152,49),
    (13,2644.79,211,24),
	(4,4721.22,104,29),
    (1,2965.36,203,74),
    (11,1633.75,325,99),
    (15,4799.26,277,16),
    (2,65.77,235,90),
    (7,2654.82,163,63),
    (10,4925.51,31,85),
    (4,2172.48,213,3),
    (5,2618.35,49,60),
    (11,612.72,160,15),
    (12,4654.6,314,7),
    (12,3487.07,170,72),
    (12,1861.15,154,27),
    (1,1103.71,111,50),
    (11,2630.12,58,37),
    (11,3168.83,120,38),
    (13,2105.04,342,58),
    (2,4102.94,106,50),
    (5,4362.95,52,46),
    (10,4339.27,151,79),
    (1,1315.76,14,81),
    (5,4173.3,317,41),
    (12,483.76,306,45),
    (14,2541.09,77,14),
    (1,1510.57,146,94),
    (4,3343.74,18,30),
    (8,4854.7,213,66),
	(2,1238.69,129,93),
    (15,1197.3,270,63),
    (3,4039.89,127,54),
    (6,3172.5,198,63),
    (8,2898.54,36,16),
    (10,1530.0,283,84),
    (15,1730.04,306,73),
    (5,3877.78,73,87),
    (5,174.93,341,1),
    (6,1661.13,319,94),
    (1,3866.29,40,60),
    (6,3805.48,82,74),
    (8,3166.14,321,74),
    (14,243.58,33,33),
    (5,4507.62,204,62),
    (11,3727.32,152,32),
    (11,281.77,89,19),
    (12,4450.59,135,27),
    (1,4974.17,83,53),
    (1,3152.94,183,51),
    (12,2245.06,148,1),
    (4,1670.22,239,55),
    (10,1830.66,87,35);

-- ITEMCOMPRAS
INSERT INTO ItemCompras (cantidad,precioUnidad,idArticulo,idCompra)
VALUES
	(9, 4612.37, 56, 12),
	(98, 8860.99, 31, 97),
    (37, 367.29, 38, 106),
    (67, 3119.27, 58, 49),
    (38, 1299.73, 74, 19),
    (62, 1918.82, 92, 157),
    (133, 2862.62, 29, 294),
    (34, 8609.25, 23, 134),
    (54, 7313.87, 82, 186),
    (73, 4469.24, 60, 51),
    (128, 6584.91, 84, 273),
    (11, 5478.56, 50, 43),
    (131, 3578.49, 76, 284),
    (19, 4396.7, 93, 136),
    (108, 4646.06, 92, 299),
    (124, 2607.74, 3, 285),
    (52, 6273.75, 35, 262),
    (12, 5075.94, 55, 171),
    (90, 2316.75, 41, 288),
    (129, 8221.88, 39, 70),
    (99, 1138.21, 87, 278),
    (77, 2786.56, 70, 215),
    (79, 4282.14, 56, 163),
    (95, 693.85, 82, 21),
    (143, 5604.48, 96, 166),
    (18, 882.9, 77, 217),
    (29, 7884.51, 65, 149),
    (98, 4845.17, 49, 259),
    (63, 8355.02, 45, 66),
    (102, 6085.9, 7, 150),
    (150, 6681.06, 57, 273),
    (90, 2727.52, 99, 264),
    (139, 7315.54, 88, 264),
    (129, 3566.64, 1, 21),
    (11, 3317.79, 89, 211),
    (112, 963.76, 19, 50),
    (31, 4484.17, 50, 158),
    (63, 5217.27, 74, 15),
    (41, 5870.74, 4, 82),
    (42, 5926.24, 5, 284),
    (96, 1970.71, 45, 105),
    (60, 2234.08, 44, 209),
    (46, 3494.49, 66, 154),
    (69, 545.63, 96, 112),
    (88, 1546.98, 52, 173),
    (137, 5377.65, 70, 121),
    (78, 5456.94, 13, 201),
    (134, 3510.67, 90, 27),
    (38, 728.13, 86, 257),
    (108, 8525.51, 16, 167),
    (75, 2308.64, 79, 49),
    (81, 3787.56, 18, 110),
    (81, 3707.92, 44, 176),
    (143, 6231.32, 27, 41),
    (142, 7279.18, 18, 99),
    (115, 1674.49, 7, 166),
    (140, 6521.79, 24, 31),
    (130, 4517.03, 93, 280),
    (45, 5550.88, 63, 254),
    (140, 3139.63, 39, 247),
    (107, 7187.02, 23, 69),
	(115, 5131.94, 92, 194),
    (66, 2038.06, 42, 138),
    (37, 2550.51, 39, 132),
    (99, 2464.12, 36, 104),
    (68, 7311.16, 5, 274),
    (10, 4122.02, 5, 239),
    (60, 8090.17, 81, 139),
    (12, 3827.81, 24, 11),
    (79, 421.89, 31, 97),
	(44, 4330.92, 93, 240),
    (80, 2078.41, 9, 6),
    (107, 6904.79, 97, 276),
    (78, 590.16, 1, 269),
	(134, 5786.81, 55, 220),
    (89, 5627.7, 33, 192),
    (73, 1707.52, 83, 153),
    (96, 1834.5, 38, 157),
    (15, 5058.53, 56, 231),
    (75, 6036.21, 42, 121),
    (95, 3594.66, 31, 93),
    (4, 4890.52, 46, 117),
    (100, 587.57, 56, 219),
	(117, 7066.21, 31, 68),
    (94, 8142.65, 7, 110),
    (145, 1486.4, 58, 208),
    (17, 1103.17, 82, 75),
    (10, 1006.92, 21, 16),
    (18, 1905.58, 21, 157),
    (10, 2820.57, 10, 76),
    (27, 689.24, 42, 76),
	(45, 5221.11, 7, 156),
    (132, 4050.93, 55, 259),
    (116, 4223.69, 27, 296),
    (24, 8519.03, 68, 19),
	(134, 2128.48, 55, 292),
    (52, 3571.53, 91, 179),
    (31, 5467.89, 96, 271),
    (23, 4303.56, 57, 140),
    (5, 2568.62, 97, 226),
    (33, 5056.72, 9, 44),
    (117, 4688.87, 41, 153),
    (119, 5857.43, 90, 49),
    (115, 7391.6, 8, 279),
    (113, 7442.9, 98, 68),
    (6, 6327.46, 76, 182),
    (68, 709.95, 29, 224),
	(82, 4818.08, 35, 290),
    (79, 6370.72, 13, 244),
    (122, 1667.44, 88, 219),
    (20, 1375.18, 52, 266),
    (132, 4283.94, 63, 299),
	(77, 4282.96, 26, 77),
    (119, 1017.83, 78, 229),
    (143, 4161.52, 89, 250),
    (100, 7430.17, 40, 31),
    (122, 3912.78, 35, 250),
	(127, 3931.57, 89, 78),
    (107, 6114.64, 72, 14),
    (33, 3667.69, 82, 140),
    (148, 7972.37, 86, 258),
    (9, 4917.13, 14, 251),
	(93, 1291.17, 31, 131),
    (117, 8392.37, 74, 181),
    (28, 7527.54, 35, 153),
    (86, 7920.82, 35, 126),
    (5, 8272.85, 72, 225),
	(140, 5151.66, 65, 210),
    (3, 6648.54, 86, 216),
    (50, 7376.82, 80, 168),
    (49, 5557.61, 5, 72),
    (26, 2716.29, 14, 51),
	(148, 3597.21, 7, 73),
    (20, 8368.92, 43, 64),
    (91, 8136.74, 46, 117),
    (112, 3196.41, 100, 45),
	(20, 7946.62, 72, 35),
    (133, 3196.7, 22, 190),
    (65, 3815.9, 77, 220),
    (74, 3505.5, 9, 118),
    (143, 1681.21, 77, 22),
    (69, 8418.08, 73, 144),
    (87, 3951.68, 89, 145),
    (21, 8520.15, 91, 176),
    (34, 1897.58, 86, 128),
	(123, 2221.69, 48, 138),
    (3, 8395.68, 42, 140),
    (107, 2082.88, 59, 3),
    (78, 992.1, 73, 249),
	(21, 2238.08, 43, 12),
    (143, 7289.36, 72, 224),
    (60, 6985.84, 4, 157),
    (147, 5872.26, 93, 96),
    (59, 3778.76, 6, 237),
	(142, 8439.53, 5, 233),
    (69, 8699.16, 36, 294),
    (5, 2859.87, 54, 85),
    (118, 1685.92, 14, 82),
    (133, 4406.66, 41, 72),
	(39, 5795.25, 58, 123),
    (59, 1609.45, 78, 198),
    (115, 4882.71, 81, 280),
    (76, 2378.52, 23, 113),
    (70, 1865.57, 68, 247),
    (109, 8278.99, 29, 175),
	(33, 151.31, 29, 119),
    (78, 1823.66, 95, 139),
    (121, 1708.24, 19, 89),
	(80, 3616.47, 11, 294),
    (138, 5745.59, 87, 38),
    (36, 4050.56, 47, 250),
    (81, 4836.86, 46, 219),
    (3, 3394.51, 30, 108),
	(145, 8333.86, 25, 139),
    (52, 5449.58, 1, 253),
    (112, 2472.83, 17, 62),
    (34, 703.23, 56, 244),
    (82, 3193.82, 12, 196),
    (53, 813.41, 58, 211),
    (126, 7882.51, 8, 291),
	(93, 1123.43, 10, 219),
    (150, 5228.07, 31, 131),
    (72, 8377.62, 23, 49),
    (32, 238.75, 55, 41),
    (113, 5430.04, 2, 30),
    (5, 6857.51, 75, 245),
    (31, 3525.96, 98, 38),
	(13, 4235.23, 1, 245),
    (135, 6419.44, 25, 71),
    (8, 5298.6, 53, 18),
    (20, 1481.44, 91, 189),
    (65, 901.63, 48, 140),
    (147, 6024.74, 9, 256),
    (16, 3102.42, 37, 46),
	(10, 4253.4, 91, 215),
    (28, 5482.02, 88, 91),
    (29, 2064.23, 32, 45),
    (139, 5085.81, 50, 99),
    (34, 5744.32, 55, 197),
    (49, 8686.32, 65, 193),
    (67, 1471.19, 43, 146),
	(113, 4055.76, 51, 51),
    (76, 7246.12, 12, 180),
    (100, 4706.03, 93, 300),
    (88, 5652.4, 46, 256),
    (39, 7704.42, 73, 207),
    (91, 6481.98, 80, 254),
    (4, 1552.66, 26, 261),
	(130, 4505.67, 61, 181),
    (106, 4720.76, 34, 24),
    (83, 3736.64, 16, 209),
    (134, 4203.67, 71, 199),
    (7, 2457.47, 52, 174),
    (107, 3225.38, 55, 126),
    (89, 4118.92, 88, 75),
    (7, 4728.8, 68, 288),
    (54, 6871.58, 47, 213),
	(12, 8181.87, 10, 138),
    (63, 2627.7, 59, 92),
    (18, 229.65, 18, 160),
    (1, 2620.34, 32, 122),
    (100, 1287.53, 78, 59),
    (101, 7605.23, 75, 93),
    (91, 7940.77, 28, 51),
    (96, 2983.62, 58, 91),
    (104, 4086.61, 2, 168),
    (19, 3135.56, 33, 298),
    (89, 6236.04, 33, 193),
    (19, 3070.27, 86, 217),
    (59, 3665.36, 100, 189),
    (50, 3392.25, 20, 112),
    (27, 1600.08, 70, 215),
    (107, 4074.07, 28, 98),
    (92, 5235.03, 40, 212),
    (5, 5369.02, 12, 241),
    (77, 6123.36, 79, 198),
	(73, 8076.51, 95, 85),
    (91, 1696.7, 93, 251),
    (112, 7671.02, 75, 291),
    (78, 1775.94, 85, 119),
    (68, 5824.03, 2, 192),
    (11, 3319.04, 86, 137),
    (72, 350.89, 30, 146),
    (82, 1230.11, 3, 118),
	(124, 6638.5, 49, 242),
    (11, 5809.53, 87, 17),
    (50, 4425.81, 12, 20),
    (120, 2134.82, 71, 47),
    (80, 6161.85, 25, 122),
    (51, 3298.58, 75, 198),
    (2, 2557.14, 21, 139),
    (81, 7938.44, 2, 111),
    (52, 5873.56, 83, 58),
    (141, 2848.0, 46, 44),
    (119, 7488.59, 20, 2),
    (47, 2304.32, 90, 18),
    (86, 4771.23, 28, 254),
    (96, 7661.36, 29, 234),
	(59, 6640.55, 16, 283),
    (35, 8695.29, 7, 4),
    (5, 8017.5, 43, 178),
    (68, 7884.19, 90, 290),
    (128, 5734.16, 10, 53),
    (103, 3180.2, 24, 194),
    (35, 3966.68, 52, 168),
    (123, 4302.56, 70, 226),
    (104, 5753.62, 37, 287),
    (125, 8528.72, 63, 12),
    (5, 6036.12, 44, 132),
    (11, 3220.55, 64, 17),
    (55, 2491.34, 93, 232),
    (134, 2766.01, 54, 113),
    (12, 8462.39, 35, 98),
    (113, 1298.74, 62, 58),
    (122, 2695.74, 99, 140),
    (19, 7462.93, 6, 203),
    (144, 6484.62, 95, 225),
	(58, 1034.5, 61, 58),
    (3, 5158.17, 8, 114),
    (78, 8022.92, 15, 133),
    (86, 1973.18, 29, 234),
    (145, 6306.0, 27, 235),
    (86, 4750.89, 42, 203),
    (11, 2836.29, 16, 33),
	(142, 1166.99, 39, 82),
    (10, 7920.0, 95, 202),
    (99, 6564.86, 83, 79),
    (85, 263.04, 31, 83),
    (1, 3882.43, 24, 9),
    (15, 5940.95, 63, 286),
    (59, 4853.12, 21, 295),
	(144, 4359.85, 98, 221),
    (52, 3321.07, 41, 141),
    (132, 8117.39, 12, 41),
    (99, 3848.55, 17, 275),
    (109, 3566.48, 3, 90),
    (4, 6465.74, 93, 133),
    (40, 6055.85, 34, 14),
	(19, 8270.24, 79, 183),
    (3, 2413.19, 31, 113);